ds,trend,yhat_lower,yhat_upper,trend_lower,trend_upper,GenZ tech_7d_avg,GenZ tech_7d_avg_lower,GenZ tech_7d_avg_upper,GenZ tech_growth,GenZ tech_growth_lower,GenZ tech_growth_upper,GenZ tech_momentum,GenZ tech_momentum_lower,GenZ tech_momentum_upper,additive_terms,additive_terms_lower,additive_terms_upper,extra_regressors_additive,extra_regressors_additive_lower,extra_regressors_additive_upper,weekly,weekly_lower,weekly_upper,multiplicative_terms,multiplicative_terms_lower,multiplicative_terms_upper,yhat
2025-08-23,0.0172978,-0.11662880589716412,0.05488409313289681,0.0172978,0.0172978,-0.001807099524725968,-0.001807099524725968,-0.001807099524725968,0.0004911909135651357,0.0004911909135651357,0.0004911909135651357,-0.028162279434813788,-0.028162279434813788,-0.028162279434813788,-0.041635622735842426,-0.041635622735842426,-0.041635622735842426,-0.02947818804597462,-0.02947818804597462,-0.02947818804597462,-0.012157434689867807,-0.012157434689867807,-0.012157434689867807,0.0,0.0,0.0,-0.024337822735842427
2025-08-24,0.01722142554347826,-0.10087344705121003,0.055120453448192976,0.01722142554347826,0.01722142554347826,-0.001807099524725968,-0.001807099524725968,-0.001807099524725968,0.0004911909135651357,0.0004911909135651357,0.0004911909135651357,-0.028162279434813788,-0.028162279434813788,-0.028162279434813788,-0.03873207833746005,-0.03873207833746005,-0.03873207833746005,-0.02947818804597462,-0.02947818804597462,-0.02947818804597462,-0.009253890291485429,-0.009253890291485429,-0.009253890291485429,0.0,0.0,0.0,-0.021510652793981788
2025-08-25,0.01714505108695652,-0.10241857262889627,0.0589623145887342,0.01714505108695652,0.01714505108695652,-0.001807099524725968,-0.001807099524725968,-0.001807099524725968,0.0004911909135651357,0.0004911909135651357,0.0004911909135651357,-0.028162279434813788,-0.028162279434813788,-0.028162279434813788,-0.03723705666556055,-0.03723705666556055,-0.03723705666556055,-0.02947818804597462,-0.02947818804597462,-0.02947818804597462,-0.007758868619585923,-0.007758868619585923,-0.007758868619585923,0.0,0.0,0.0,-0.02009200557860403
2025-08-26,0.017068676630434782,-0.09734499970455213,0.06990694162518256,0.017068676630434782,0.017068676630434782,-0.001807099524725968,-0.001807099524725968,-0.001807099524725968,0.0004911909135651357,0.0004911909135651357,0.0004911909135651357,-0.028162279434813788,-0.028162279434813788,-0.028162279434813788,-0.036850724048997294,-0.036850724048997294,-0.036850724048997294,-0.02947818804597462,-0.02947818804597462,-0.02947818804597462,-0.007372536003022675,-0.007372536003022675,-0.007372536003022675,0.0,0.0,0.0,-0.01978204741856251
2025-08-27,0.016992302174710178,-0.10966398402581087,0.05709948499398722,0.016992302174710178,0.016992302174710178,-0.001807099524725968,-0.001807099524725968,-0.001807099524725968,0.0004911909135651357,0.0004911909135651357,0.0004911909135651357,-0.028162279434813788,-0.028162279434813788,-0.028162279434813788,-0.041989372111458444,-0.041989372111458444,-0.041989372111458444,-0.02947818804597462,-0.02947818804597462,-0.02947818804597462,-0.012511184065483821,-0.012511184065483821,-0.012511184065483821,0.0,0.0,0.0,-0.024997069936748266
2025-08-28,0.01691592771898557,-0.11066874705017447,0.06201237027022369,0.01691592771898557,0.01691592771898557,-0.001807099524725968,-0.001807099524725968,-0.001807099524725968,0.0004911909135651357,0.0004911909135651357,0.0004911909135651357,-0.028162279434813788,-0.028162279434813788,-0.028162279434813788,-0.04348806804591714,-0.04348806804591714,-0.04348806804591714,-0.02947818804597462,-0.02947818804597462,-0.02947818804597462,-0.014009879999942524,-0.014009879999942524,-0.014009879999942524,0.0,0.0,0.0,-0.026572140326931573
2025-08-29,0.016839553263260962,-0.026298418479021653,0.13699204889474387,0.016839553263260962,0.016839553263260962,-0.001807099524725968,-0.001807099524725968,-0.001807099524725968,0.0004911909135651357,0.0004911909135651357,0.0004911909135651357,-0.028162279434813788,-0.028162279434813788,-0.028162279434813788,0.0335856056234489,0.0335856056234489,0.0335856056234489,-0.02947818804597462,-0.02947818804597462,-0.02947818804597462,0.06306379366942352,0.06306379366942352,0.06306379366942352,0.0,0.0,0.0,0.05042515888670986
2025-08-30,0.016763178811985323,-0.10188940987830143,0.06157669121025537,0.016763178811985323,0.016763178811985323,-0.001807099524725968,-0.001807099524725968,-0.001807099524725968,0.0004911909135651357,0.0004911909135651357,0.0004911909135651357,-0.028162279434813788,-0.028162279434813788,-0.028162279434813788,-0.041635622735865886,-0.041635622735865886,-0.041635622735865886,-0.02947818804597462,-0.02947818804597462,-0.02947818804597462,-0.01215743468989127,-0.01215743468989127,-0.01215743468989127,0.0,0.0,0.0,-0.024872443923880563
2025-08-31,0.016686804360709684,-0.10510538618178669,0.05928260516358127,0.016686804360709684,0.016686804360709684,-0.001807099524725968,-0.001807099524725968,-0.001807099524725968,0.0004911909135651357,0.0004911909135651357,0.0004911909135651357,-0.028162279434813788,-0.028162279434813788,-0.028162279434813788,-0.038732078337365694,-0.038732078337365694,-0.038732078337365694,-0.02947818804597462,-0.02947818804597462,-0.02947818804597462,-0.009253890291391073,-0.009253890291391073,-0.009253890291391073,0.0,0.0,0.0,-0.02204527397665601
2025-09-01,0.016610429909434045,-0.10107590668043681,0.062289471741006866,0.016610429909434045,0.016610429909434045,-0.001807099524725968,-0.001807099524725968,-0.001807099524725968,0.0004911909135651357,0.0004911909135651357,0.0004911909135651357,-0.028162279434813788,-0.028162279434813788,-0.028162279434813788,-0.037237056665354165,-0.037237056665354165,-0.037237056665354165,-0.02947818804597462,-0.02947818804597462,-0.02947818804597462,-0.007758868619379547,-0.007758868619379547,-0.007758868619379547,0.0,0.0,0.0,-0.02062662675592012
2025-09-02,0.01653405546859808,-0.10674022002134402,0.06247847527419687,0.01653405546859808,0.01653405546859808,-0.001807099524725968,-0.001807099524725968,-0.001807099524725968,0.0004911909135651357,0.0004911909135651357,0.0004911909135651357,-0.028162279434813788,-0.028162279434813788,-0.028162279434813788,-0.03685072404920726,-0.03685072404920726,-0.03685072404920726,-0.02947818804597462,-0.02947818804597462,-0.02947818804597462,-0.007372536003232641,-0.007372536003232641,-0.007372536003232641,0.0,0.0,0.0,-0.02031666858060918
2025-09-03,0.016457681027762114,-0.10875273826751124,0.056378384985842564,0.016457681027762114,0.016457681027762114,-0.001807099524725968,-0.001807099524725968,-0.001807099524725968,0.0004911909135651357,0.0004911909135651357,0.0004911909135651357,-0.028162279434813788,-0.028162279434813788,-0.028162279434813788,-0.04198937211143091,-0.04198937211143091,-0.04198937211143091,-0.02947818804597462,-0.02947818804597462,-0.02947818804597462,-0.012511184065456286,-0.012511184065456286,-0.012511184065456286,0.0,0.0,0.0,-0.025531691083668796
2025-09-04,0.01638130658692615,-0.1102154624115186,0.05990967821059909,0.01638130658692615,0.01638130658692615,-0.001807099524725968,-0.001807099524725968,-0.001807099524725968,0.0004911909135651357,0.0004911909135651357,0.0004911909135651357,-0.028162279434813788,-0.028162279434813788,-0.028162279434813788,-0.04348806804611037,-0.04348806804611037,-0.04348806804611037,-0.02947818804597462,-0.02947818804597462,-0.02947818804597462,-0.01400988000013575,-0.01400988000013575,-0.01400988000013575,0.0,0.0,0.0,-0.027106761459184222
2025-09-05,0.016304932136302488,-0.0364774339110791,0.13282829267368235,0.016304932136302488,0.016304932136302488,-0.001807099524725968,-0.001807099524725968,-0.001807099524725968,0.0004911909135651357,0.0004911909135651357,0.0004911909135651357,-0.028162279434813788,-0.028162279434813788,-0.028162279434813788,0.0335856056234466,0.0335856056234466,0.0335856056234466,-0.02947818804597462,-0.02947818804597462,-0.02947818804597462,0.06306379366942122,0.06306379366942122,0.06306379366942122,0.0,0.0,0.0,0.04989053775974908
2025-09-06,0.016228557685678824,-0.11628223359550402,0.058896966736381486,0.016228557685678824,0.016228557685678824,-0.001807099524725968,-0.001807099524725968,-0.001807099524725968,0.0004911909135651357,0.0004911909135651357,0.0004911909135651357,-0.028162279434813788,-0.028162279434813788,-0.028162279434813788,-0.04163562273595432,-0.04163562273595432,-0.04163562273595432,-0.02947818804597462,-0.02947818804597462,-0.02947818804597462,-0.012157434689979705,-0.012157434689979705,-0.012157434689979705,0.0,0.0,0.0,-0.0254070650502755
2025-09-07,0.016152183235055163,-0.10292928118645073,0.060474591326085694,0.016152183235055163,0.016152183235055163,-0.001807099524725968,-0.001807099524725968,-0.001807099524725968,0.0004911909135651357,0.0004911909135651357,0.0004911909135651357,-0.028162279434813788,-0.028162279434813788,-0.028162279434813788,-0.038732078337392825,-0.038732078337392825,-0.038732078337392825,-0.02947818804597462,-0.02947818804597462,-0.02947818804597462,-0.009253890291418206,-0.009253890291418206,-0.009253890291418206,0.0,0.0,0.0,-0.022579895102337662
2025-09-08,0.01607580877790982,-0.10404299831136629,0.05855211221928917,0.01607580877790982,0.01607580877790982,-0.001807099524725968,-0.001807099524725968,-0.001807099524725968,0.0004911909135651357,0.0004911909135651357,0.0004911909135651357,-0.028162279434813788,-0.028162279434813788,-0.028162279434813788,-0.03723705666545567,-0.03723705666545567,-0.03723705666545567,-0.02947818804597462,-0.02947818804597462,-0.02947818804597462,-0.007758868619481047,-0.007758868619481047,-0.007758868619481047,0.0,0.0,0.0,-0.021161247887545847
2025-09-09,0.015999434320764474,-0.10526880319878348,0.05736600691804441,0.015999434320764474,0.015999434320764474,-0.001807099524725968,-0.001807099524725968,-0.001807099524725968,0.0004911909135651357,0.0004911909135651357,0.0004911909135651357,-0.028162279434813788,-0.028162279434813788,-0.028162279434813788,-0.03685072404900309,-0.03685072404900309,-0.03685072404900309,-0.02947818804597462,-0.02947818804597462,-0.02947818804597462,-0.007372536003028461,-0.007372536003028461,-0.007372536003028461,0.0,0.0,0.0,-0.020851289728238614
2025-09-10,0.01592305986361913,-0.10813776118859761,0.062109463746485315,0.01592305986361913,0.01592305986361913,-0.001807099524725968,-0.001807099524725968,-0.001807099524725968,0.0004911909135651357,0.0004911909135651357,0.0004911909135651357,-0.028162279434813788,-0.028162279434813788,-0.028162279434813788,-0.04198937211140337,-0.04198937211140337,-0.04198937211140337,-0.02947818804597462,-0.02947818804597462,-0.02947818804597462,-0.01251118406542875,-0.01251118406542875,-0.01251118406542875,0.0,0.0,0.0,-0.02606631224778424
2025-09-11,0.01584668540495884,-0.10744715490919032,0.05507101682676061,0.01584668540495884,0.01584668540495884,-0.001807099524725968,-0.001807099524725968,-0.001807099524725968,0.0004911909135651357,0.0004911909135651357,0.0004911909135651357,-0.028162279434813788,-0.028162279434813788,-0.028162279434813788,-0.04348806804601486,-0.04348806804601486,-0.04348806804601486,-0.02947818804597462,-0.02947818804597462,-0.02947818804597462,-0.014009880000040243,-0.014009880000040243,-0.014009880000040243,0.0,0.0,0.0,-0.027641382641056023
2025-09-12,0.01577031094629855,-0.03407381584357281,0.1366623325784171,0.01577031094629855,0.01577031094629855,-0.001807099524725968,-0.001807099524725968,-0.001807099524725968,0.0004911909135651357,0.0004911909135651357,0.0004911909135651357,-0.028162279434813788,-0.028162279434813788,-0.028162279434813788,0.033585605623447035,0.033585605623447035,0.033585605623447035,-0.02947818804597462,-0.02947818804597462,-0.02947818804597462,0.06306379366942166,0.06306379366942166,0.06306379366942166,0.0,0.0,0.0,0.049355916569745584
2025-09-13,0.015693936476379126,-0.11148375853897997,0.06021665544992883,0.015693936476379126,0.015693936476379126,-0.001807099524725968,-0.001807099524725968,-0.001807099524725968,0.0004911909135651357,0.0004911909135651357,0.0004911909135651357,-0.028162279434813788,-0.028162279434813788,-0.028162279434813788,-0.041635622735912814,-0.041635622735912814,-0.041635622735912814,-0.02947818804597462,-0.02947818804597462,-0.02947818804597462,-0.012157434689938195,-0.012157434689938195,-0.012157434689938195,0.0,0.0,0.0,-0.025941686259533688
2025-09-14,0.015617562006459704,-0.10643489402913647,0.05962149300634803,0.015617562006459704,0.015617562006459704,-0.001807099524725968,-0.001807099524725968,-0.001807099524725968,0.0004911909135651357,0.0004911909135651357,0.0004911909135651357,-0.028162279434813788,-0.028162279434813788,-0.028162279434813788,-0.03873207833741995,-0.03873207833741995,-0.03873207833741995,-0.02947818804597462,-0.02947818804597462,-0.02947818804597462,-0.009253890291445332,-0.009253890291445332,-0.009253890291445332,0.0,0.0,0.0,-0.023114516330960247
2025-09-15,0.015541187536540282,-0.10324556315234731,0.06627717226097589,0.015541187536540282,0.015541187536540282,-0.001807099524725968,-0.001807099524725968,-0.001807099524725968,0.0004911909135651357,0.0004911909135651357,0.0004911909135651357,-0.028162279434813788,-0.028162279434813788,-0.028162279434813788,-0.037237056665499035,-0.037237056665499035,-0.037237056665499035,-0.02947818804597462,-0.02947818804597462,-0.02947818804597462,-0.007758868619524417,-0.007758868619524417,-0.007758868619524417,0.0,0.0,0.0,-0.021695869128958753
2025-09-16,0.015464813053798685,-0.1040740032078953,0.06398369727580852,0.015464813053798685,0.015464813053798685,-0.001807099524725968,-0.001807099524725968,-0.001807099524725968,0.0004911909135651357,0.0004911909135651357,0.0004911909135651357,-0.028162279434813788,-0.028162279434813788,-0.028162279434813788,-0.036850724049057156,-0.036850724049057156,-0.036850724049057156,-0.02947818804597462,-0.02947818804597462,-0.02947818804597462,-0.007372536003082534,-0.007372536003082534,-0.007372536003082534,0.0,0.0,0.0,-0.02138591099525847
2025-09-17,0.01538843857105709,-0.11434516139052231,0.06314667206181196,0.01538843857105709,0.01538843857105709,-0.001807099524725968,-0.001807099524725968,-0.001807099524725968,0.0004911909135651357,0.0004911909135651357,0.0004911909135651357,-0.028162279434813788,-0.028162279434813788,-0.028162279434813788,-0.04198937211150281,-0.04198937211150281,-0.04198937211150281,-0.02947818804597462,-0.02947818804597462,-0.02947818804597462,-0.012511184065528194,-0.012511184065528194,-0.012511184065528194,0.0,0.0,0.0,-0.026600933540445723
2025-09-18,0.015312064088315496,-0.11101948771657388,0.05871147699650688,0.015312064088315496,0.015312064088315496,-0.001807099524725968,-0.001807099524725968,-0.001807099524725968,0.0004911909135651357,0.0004911909135651357,0.0004911909135651357,-0.028162279434813788,-0.028162279434813788,-0.028162279434813788,-0.04348806804599228,-0.04348806804599228,-0.04348806804599228,-0.02947818804597462,-0.02947818804597462,-0.02947818804597462,-0.014009880000017658,-0.014009880000017658,-0.014009880000017658,0.0,0.0,0.0,-0.028176003957676783
2025-09-19,0.015235689600461498,-0.0377290624607619,0.1277421761847319,0.015235689600461498,0.015235689600461498,-0.001807099524725968,-0.001807099524725968,-0.001807099524725968,0.0004911909135651357,0.0004911909135651357,0.0004911909135651357,-0.028162279434813788,-0.028162279434813788,-0.028162279434813788,0.03358560562344475,0.03358560562344475,0.03358560562344475,-0.02947818804597462,-0.02947818804597462,-0.02947818804597462,0.06306379366941937,0.06306379366941937,0.06306379366941937,0.0,0.0,0.0,0.04882129522390625
2025-09-20,0.0151593151126075,-0.11022176421941389,0.05791614706056667,0.0151593151126075,0.0151593151126075,-0.001807099524725968,-0.001807099524725968,-0.001807099524725968,0.0004911909135651357,0.0004911909135651357,0.0004911909135651357,-0.028162279434813788,-0.028162279434813788,-0.028162279434813788,-0.04163562273579058,-0.04163562273579058,-0.04163562273579058,-0.02947818804597462,-0.02947818804597462,-0.02947818804597462,-0.012157434689815954,-0.012157434689815954,-0.012157434689815954,0.0,0.0,0.0,-0.02647630762318308
2025-09-21,0.015082940624753502,-0.10528951151438358,0.06448777401002288,0.015082940624753502,0.015082940624753502,-0.001807099524725968,-0.001807099524725968,-0.001807099524725968,0.0004911909135651357,0.0004911909135651357,0.0004911909135651357,-0.028162279434813788,-0.028162279434813788,-0.028162279434813788,-0.03873207833744709,-0.03873207833744709,-0.03873207833744709,-0.02947818804597462,-0.02947818804597462,-0.02947818804597462,-0.009253890291472467,-0.009253890291472467,-0.009253890291472467,0.0,0.0,0.0,-0.023649137712693585
2025-09-22,0.015006566117906026,-0.10811398028099936,0.06412027658121089,0.015006566117906026,0.015006566117906026,-0.001807099524725968,-0.001807099524725968,-0.001807099524725968,0.0004911909135651357,0.0004911909135651357,0.0004911909135651357,-0.028162279434813788,-0.028162279434813788,-0.028162279434813788,-0.03723705666560054,-0.03723705666560054,-0.03723705666560054,-0.02947818804597462,-0.02947818804597462,-0.02947818804597462,-0.007758868619625915,-0.007758868619625915,-0.007758868619625915,0.0,0.0,0.0,-0.022230490547694513
2025-09-23,0.01493019161105855,-0.10540847515807708,0.06411074999782143,0.01493019161105855,0.01493019161105855,-0.001807099524725968,-0.001807099524725968,-0.001807099524725968,0.0004911909135651357,0.0004911909135651357,0.0004911909135651357,-0.028162279434813788,-0.028162279434813788,-0.028162279434813788,-0.03685072404895534,-0.03685072404895534,-0.03685072404895534,-0.02947818804597462,-0.02947818804597462,-0.02947818804597462,-0.007372536002980715,-0.007372536002980715,-0.007372536002980715,0.0,0.0,0.0,-0.02192053243789679
2025-09-24,0.014853817104211074,-0.10858795844927448,0.0543515119860645,0.014853817104211074,0.014853817104211074,-0.001807099524725968,-0.001807099524725968,-0.001807099524725968,0.0004911909135651357,0.0004911909135651357,0.0004911909135651357,-0.028162279434813788,-0.028162279434813788,-0.028162279434813788,-0.041989372111348296,-0.041989372111348296,-0.041989372111348296,-0.02947818804597462,-0.02947818804597462,-0.02947818804597462,-0.012511184065373679,-0.012511184065373679,-0.012511184065373679,0.0,0.0,0.0,-0.02713555500713722
2025-09-25,0.014777431144102727,-0.11247620182262216,0.05702401011859646,0.014777431144102727,0.014777431144102727,-0.001807099524725968,-0.001807099524725968,-0.001807099524725968,0.0004911909135651357,0.0004911909135651357,0.0004911909135651357,-0.028162279434813788,-0.028162279434813788,-0.028162279434813788,-0.04348806804596969,-0.04348806804596969,-0.04348806804596969,-0.02947818804597462,-0.02947818804597462,-0.02947818804597462,-0.014009879999995072,-0.014009879999995072,-0.014009879999995072,0.0,0.0,0.0,-0.028710636901866964
2025-09-26,0.014701045183994382,-0.03543591105515872,0.13082822311290768,0.014701045183994382,0.014701045183994382,-0.001807099524725968,-0.001807099524725968,-0.001807099524725968,0.0004911909135651357,0.0004911909135651357,0.0004911909135651357,-0.028162279434813788,-0.028162279434813788,-0.028162279434813788,0.03358560562345126,0.03358560562345126,0.03358560562345126,-0.02947818804597462,-0.02947818804597462,-0.02947818804597462,0.06306379366942588,0.06306379366942588,0.06306379366942588,0.0,0.0,0.0,0.04828665080744564
2025-09-27,0.014624659223886036,-0.1120238499584828,0.05547713110946413,0.014624659223886036,0.014624659223886036,-0.001807099524725968,-0.001807099524725968,-0.001807099524725968,0.0004911909135651357,0.0004911909135651357,0.0004911909135651357,-0.028162279434813788,-0.028162279434813788,-0.028162279434813788,-0.04163562273581404,-0.04163562273581404,-0.04163562273581404,-0.02947818804597462,-0.02947818804597462,-0.02947818804597462,-0.012157434689839416,-0.012157434689839416,-0.012157434689839416,0.0,0.0,0.0,-0.027010963511928002
2025-09-28,0.014548273268297735,-0.10343297373655988,0.06550359728366355,0.014548273268297735,0.014548273268297735,-0.001807099524725968,-0.001807099524725968,-0.001807099524725968,0.0004911909135651357,0.0004911909135651357,0.0004911909135651357,-0.028162279434813788,-0.028162279434813788,-0.028162279434813788,-0.03873207833735274,-0.03873207833735274,-0.03873207833735274,-0.02947818804597462,-0.02947818804597462,-0.02947818804597462,-0.009253890291378115,-0.009253890291378115,-0.009253890291378115,0.0,0.0,0.0,-0.024183805069055004
2025-09-29,0.014471887312709432,-0.11145782952860385,0.06357149019264204,0.014471887312709432,0.014471887312709432,-0.001807099524725968,-0.001807099524725968,-0.001807099524725968,0.0004911909135651357,0.0004911909135651357,0.0004911909135651357,-0.028162279434813788,-0.028162279434813788,-0.028162279434813788,-0.03723705666539416,-0.03723705666539416,-0.03723705666539416,-0.02947818804597462,-0.02947818804597462,-0.02947818804597462,-0.00775886861941954,-0.00775886861941954,-0.00775886861941954,0.0,0.0,0.0,-0.02276516935268473
2025-09-30,0.014395501357121128,-0.10846909941516993,0.0642669923764137,0.014395501357121128,0.014395501357121128,-0.001807099524725968,-0.001807099524725968,-0.001807099524725968,0.0004911909135651357,0.0004911909135651357,0.0004911909135651357,-0.028162279434813788,-0.028162279434813788,-0.028162279434813788,-0.03685072404885351,-0.03685072404885351,-0.03685072404885351,-0.02947818804597462,-0.02947818804597462,-0.02947818804597462,-0.007372536002878894,-0.007372536002878894,-0.007372536002878894,0.0,0.0,0.0,-0.022455222691732384
2025-10-01,0.014319115403472206,-0.10616987429744958,0.056555966033489266,0.014319115403472206,0.014319115403472206,-0.001807099524725968,-0.001807099524725968,-0.001807099524725968,0.0004911909135651357,0.0004911909135651357,0.0004911909135651357,-0.028162279434813788,-0.028162279434813788,-0.028162279434813788,-0.0419893721114402,-0.0419893721114402,-0.0419893721114402,-0.02947818804597462,-0.02947818804597462,-0.02947818804597462,-0.012511184065465579,-0.012511184065465579,-0.012511184065465579,0.0,0.0,0.0,-0.027670256707967994
2025-10-02,0.014242729449823285,-0.10657744278548781,0.054081889029442484,0.014242729449823285,0.014242729449823285,-0.001807099524725968,-0.001807099524725968,-0.001807099524725968,0.0004911909135651357,0.0004911909135651357,0.0004911909135651357,-0.028162279434813788,-0.028162279434813788,-0.028162279434813788,-0.043488068045947105,-0.043488068045947105,-0.043488068045947105,-0.02947818804597462,-0.02947818804597462,-0.02947818804597462,-0.014009879999972484,-0.014009879999972484,-0.014009879999972484,0.0,0.0,0.0,-0.02924533859612382
2025-10-03,0.014166343496174363,-0.034854221619028715,0.1362477957738283,0.014166343496174363,0.014166343496174363,-0.001807099524725968,-0.001807099524725968,-0.001807099524725968,0.0004911909135651357,0.0004911909135651357,0.0004911909135651357,-0.028162279434813788,-0.028162279434813788,-0.028162279434813788,0.03358560562344896,0.03358560562344896,0.03358560562344896,-0.02947818804597462,-0.02947818804597462,-0.02947818804597462,0.06306379366942358,0.06306379366942358,0.06306379366942358,0.0,0.0,0.0,0.04775194911962332
2025-10-04,0.014089957554866637,-0.11404634558980457,0.048602830493085565,0.014089957554866637,0.014089957554866637,-0.001807099524725968,-0.001807099524725968,-0.001807099524725968,0.0004911909135651357,0.0004911909135651357,0.0004911909135651357,-0.028162279434813788,-0.028162279434813788,-0.028162279434813788,-0.04163562273590247,-0.04163562273590247,-0.04163562273590247,-0.02947818804597462,-0.02947818804597462,-0.02947818804597462,-0.012157434689927853,-0.012157434689927853,-0.012157434689927853,0.0,0.0,0.0,-0.02754566518103583
2025-10-05,0.014013571613558911,-0.11159515598383613,0.05898245065041297,0.014013571613558911,0.014013571613558911,-0.001807099524725968,-0.001807099524725968,-0.001807099524725968,0.0004911909135651357,0.0004911909135651357,0.0004911909135651357,-0.028162279434813788,-0.028162279434813788,-0.028162279434813788,-0.03873207833750135,-0.03873207833750135,-0.03873207833750135,-0.02947818804597462,-0.02947818804597462,-0.02947818804597462,-0.009253890291526729,-0.009253890291526729,-0.009253890291526729,0.0,0.0,0.0,-0.02471850672394244
2025-10-06,0.013937185672251183,-0.10605889112538876,0.06113687191327575,0.013937185672251183,0.013937185672251183,-0.001807099524725968,-0.001807099524725968,-0.001807099524725968,0.0004911909135651357,0.0004911909135651357,0.0004911909135651357,-0.028162279434813788,-0.028162279434813788,-0.028162279434813788,-0.03723705666543753,-0.03723705666543753,-0.03723705666543753,-0.02947818804597462,-0.02947818804597462,-0.02947818804597462,-0.007758868619462912,-0.007758868619462912,-0.007758868619462912,0.0,0.0,0.0,-0.023299870993186346
2025-10-07,0.013860799743011392,-0.10718647386226521,0.05233784388769068,0.013860799743011392,0.013860799743011392,-0.001807099524725968,-0.001807099524725968,-0.001807099524725968,0.0004911909135651357,0.0004911909135651357,0.0004911909135651357,-0.028162279434813788,-0.028162279434813788,-0.028162279434813788,-0.03685072404906348,-0.03685072404906348,-0.03685072404906348,-0.02947818804597462,-0.02947818804597462,-0.02947818804597462,-0.007372536003088861,-0.007372536003088861,-0.007372536003088861,0.0,0.0,0.0,-0.022989924306052085
2025-10-08,0.013784413813771601,-0.10683349350068323,0.05488431711693753,0.013784413813771601,0.013784413813771601,-0.001807099524725968,-0.001807099524725968,-0.001807099524725968,0.0004911909135651357,0.0004911909135651357,0.0004911909135651357,-0.028162279434813788,-0.028162279434813788,-0.028162279434813788,-0.04198937211141266,-0.04198937211141266,-0.04198937211141266,-0.02947818804597462,-0.02947818804597462,-0.02947818804597462,-0.012511184065438044,-0.012511184065438044,-0.012511184065438044,0.0,0.0,0.0,-0.02820495829764106
2025-10-09,0.013708027884531812,-0.11592240141426752,0.049335062110655956,0.013708027884531812,0.013708027884531812,-0.001807099524725968,-0.001807099524725968,-0.001807099524725968,0.0004911909135651357,0.0004911909135651357,0.0004911909135651357,-0.028162279434813788,-0.028162279434813788,-0.028162279434813788,-0.043488068046140325,-0.043488068046140325,-0.043488068046140325,-0.02947818804597462,-0.02947818804597462,-0.02947818804597462,-0.014009880000165707,-0.014009880000165707,-0.014009880000165707,0.0,0.0,0.0,-0.029780040161608512
2025-10-10,0.013631641946313696,-0.0336781667267347,0.1301354639934704,0.013631641946313696,0.013631641946313696,-0.001807099524725968,-0.001807099524725968,-0.001807099524725968,0.0004911909135651357,0.0004911909135651357,0.0004911909135651357,-0.028162279434813788,-0.028162279434813788,-0.028162279434813788,0.03358560562345106,0.03358560562345106,0.03358560562345106,-0.02947818804597462,-0.02947818804597462,-0.02947818804597462,0.06306379366942567,0.06306379366942567,0.06306379366942567,0.0,0.0,0.0,0.04721724756976475
2025-10-11,0.013555256008095578,-0.10973826387213884,0.05510212154437802,0.013555256008095578,0.013555256008095578,-0.001807099524725968,-0.001807099524725968,-0.001807099524725968,0.0004911909135651357,0.0004911909135651357,0.0004911909135651357,-0.028162279434813788,-0.028162279434813788,-0.028162279434813788,-0.04163562273599091,-0.04163562273599091,-0.04163562273599091,-0.02947818804597462,-0.02947818804597462,-0.02947818804597462,-0.012157434690016289,-0.012157434690016289,-0.012157434690016289,0.0,0.0,0.0,-0.028080366727895333
2025-10-12,0.01347887006987746,-0.11175011402812897,0.05901852417282375,0.01347887006987746,0.01347887006987746,-0.001807099524725968,-0.001807099524725968,-0.001807099524725968,0.0004911909135651357,0.0004911909135651357,0.0004911909135651357,-0.028162279434813788,-0.028162279434813788,-0.028162279434813788,-0.03873207833740988,-0.03873207833740988,-0.03873207833740988,-0.02947818804597462,-0.02947818804597462,-0.02947818804597462,-0.00925389029143526,-0.00925389029143526,-0.00925389029143526,0.0,0.0,0.0,-0.02525320826753242
2025-10-13,0.013402484142134234,-0.10797715828954384,0.06299859512909232,0.013402484142134234,0.013402484142134234,-0.001807099524725968,-0.001807099524725968,-0.001807099524725968,0.0004911909135651357,0.0004911909135651357,0.0004911909135651357,-0.028162279434813788,-0.028162279434813788,-0.028162279434813788,-0.0372370566653851,-0.0372370566653851,-0.0372370566653851,-0.02947818804597462,-0.02947818804597462,-0.02947818804597462,-0.007758868619410476,-0.007758868619410476,-0.007758868619410476,0.0,0.0,0.0,-0.023834572523250865
2025-10-14,0.013326098214391008,-0.10433409453115172,0.06225500324294338,0.013326098214391008,0.013326098214391008,-0.001807099524725968,-0.001807099524725968,-0.001807099524725968,0.0004911909135651357,0.0004911909135651357,0.0004911909135651357,-0.028162279434813788,-0.028162279434813788,-0.028162279434813788,-0.036850724048961656,-0.036850724048961656,-0.036850724048961656,-0.02947818804597462,-0.02947818804597462,-0.02947818804597462,-0.007372536002987034,-0.007372536002987034,-0.007372536002987034,0.0,0.0,0.0,-0.02352462583457065
2025-10-15,0.013249712286647782,-0.10845110980568574,0.06372797650905203,0.013249712286647782,0.013249712286647782,-0.001807099524725968,-0.001807099524725968,-0.001807099524725968,0.0004911909135651357,0.0004911909135651357,0.0004911909135651357,-0.028162279434813788,-0.028162279434813788,-0.028162279434813788,-0.04198937211151211,-0.04198937211151211,-0.04198937211151211,-0.02947818804597462,-0.02947818804597462,-0.02947818804597462,-0.012511184065537487,-0.012511184065537487,-0.012511184065537487,0.0,0.0,0.0,-0.028739659824864327
2025-10-16,0.013173326358024312,-0.10989621375181186,0.05564032136865081,0.013173326358024312,0.013173326358024312,-0.001807099524725968,-0.001807099524725968,-0.001807099524725968,0.0004911909135651357,0.0004911909135651357,0.0004911909135651357,-0.028162279434813788,-0.028162279434813788,-0.028162279434813788,-0.04348806804611774,-0.04348806804611774,-0.04348806804611774,-0.02947818804597462,-0.02947818804597462,-0.02947818804597462,-0.014009880000143122,-0.014009880000143122,-0.014009880000143122,0.0,0.0,0.0,-0.03031474168809343
2025-10-17,0.013096940429400843,-0.031449446815283486,0.12547586711054723,0.013096940429400843,0.013096940429400843,-0.001807099524725968,-0.001807099524725968,-0.001807099524725968,0.0004911909135651357,0.0004911909135651357,0.0004911909135651357,-0.028162279434813788,-0.028162279434813788,-0.028162279434813788,0.0335856056234471,0.0335856056234471,0.0335856056234471,-0.02947818804597462,-0.02947818804597462,-0.02947818804597462,0.06306379366942172,0.06306379366942172,0.06306379366942172,0.0,0.0,0.0,0.04668254605284794
2025-10-18,0.01302055448564411,-0.1115337443417986,0.05487651980271319,0.01302055448564411,0.01302055448564411,-0.001807099524725968,-0.001807099524725968,-0.001807099524725968,0.0004911909135651357,0.0004911909135651357,0.0004911909135651357,-0.028162279434813788,-0.028162279434813788,-0.028162279434813788,-0.0416356227359494,-0.0416356227359494,-0.0416356227359494,-0.02947818804597462,-0.02947818804597462,-0.02947818804597462,-0.01215743468997478,-0.01215743468997478,-0.01215743468997478,0.0,0.0,0.0,-0.02861506825030529
2025-10-19,0.012944168541887378,-0.10575106890046644,0.05811474288873218,0.012944168541887378,0.012944168541887378,-0.001807099524725968,-0.001807099524725968,-0.001807099524725968,0.0004911909135651357,0.0004911909135651357,0.0004911909135651357,-0.028162279434813788,-0.028162279434813788,-0.028162279434813788,-0.03873207833743701,-0.03873207833743701,-0.03873207833743701,-0.02947818804597462,-0.02947818804597462,-0.02947818804597462,-0.009253890291462391,-0.009253890291462391,-0.009253890291462391,0.0,0.0,0.0,-0.025787909795549634
2025-10-20,0.012867782598130647,-0.10820482305561574,0.0591062254198644,0.012867782598130647,0.012867782598130647,-0.001807099524725968,-0.001807099524725968,-0.001807099524725968,0.0004911909135651357,0.0004911909135651357,0.0004911909135651357,-0.028162279434813788,-0.028162279434813788,-0.028162279434813788,-0.037237056665486594,-0.037237056665486594,-0.037237056665486594,-0.02947818804597462,-0.02947818804597462,-0.02947818804597462,-0.0077588686195119725,-0.0077588686195119725,-0.0077588686195119725,0.0,0.0,0.0,-0.024369274067355947
2025-10-21,0.012791396666442502,-0.10729526399846426,0.06537488850261233,0.012791396666442502,0.012791396666442502,-0.001807099524725968,-0.001807099524725968,-0.001807099524725968,0.0004911909135651357,0.0004911909135651357,0.0004911909135651357,-0.028162279434813788,-0.028162279434813788,-0.028162279434813788,-0.03685072404901573,-0.03685072404901573,-0.03685072404901573,-0.02947818804597462,-0.02947818804597462,-0.02947818804597462,-0.00737253600304111,-0.00737253600304111,-0.00737253600304111,0.0,0.0,0.0,-0.02405932738257323
2025-10-22,0.012715010734754357,-0.10918442465453233,0.052856945206448,0.012715010734754357,0.012715010734754357,-0.001807099524725968,-0.001807099524725968,-0.001807099524725968,0.0004911909135651357,0.0004911909135651357,0.0004911909135651357,-0.028162279434813788,-0.028162279434813788,-0.028162279434813788,-0.04198937211161156,-0.04198937211161156,-0.04198937211161156,-0.02947818804597462,-0.02947818804597462,-0.02947818804597462,-0.012511184065636933,-0.012511184065636933,-0.012511184065636933,0.0,0.0,0.0,-0.0292743613768572
2025-10-23,0.012638624803066212,-0.12036876783712448,0.05453450577163021,0.012638624803066212,0.012638624803066212,-0.001807099524725968,-0.001807099524725968,-0.001807099524725968,0.0004911909135651357,0.0004911909135651357,0.0004911909135651357,-0.028162279434813788,-0.028162279434813788,-0.028162279434813788,-0.04348806804602224,-0.04348806804602224,-0.04348806804602224,-0.02947818804597462,-0.02947818804597462,-0.02947818804597462,-0.014009880000047622,-0.014009880000047622,-0.014009880000047622,0.0,0.0,0.0,-0.030849443242956028
2025-10-24,0.012562238858341545,-0.03367866502460335,0.12700307785488907,0.012562238858341545,0.012562238858341545,-0.001807099524725968,-0.001807099524725968,-0.001807099524725968,0.0004911909135651357,0.0004911909135651357,0.0004911909135651357,-0.028162279434813788,-0.028162279434813788,-0.028162279434813788,0.03358560562344919,0.03358560562344919,0.03358560562344919,-0.02947818804597462,-0.02947818804597462,-0.02947818804597462,0.06306379366942381,0.06306379366942381,0.06306379366942381,0.0,0.0,0.0,0.04614784448179074
2025-10-25,0.012485852913616879,-0.1139599106522537,0.05682255850812259,0.012485852913616879,0.012485852913616879,-0.001807099524725968,-0.001807099524725968,-0.001807099524725968,0.0004911909135651357,0.0004911909135651357,0.0004911909135651357,-0.028162279434813788,-0.028162279434813788,-0.028162279434813788,-0.04163562273603784,-0.04163562273603784,-0.04163562273603784,-0.02947818804597462,-0.02947818804597462,-0.02947818804597462,-0.012157434690063215,-0.012157434690063215,-0.012157434690063215,0.0,0.0,0.0,-0.02914976982242096
2025-10-26,0.012409466968892214,-0.11315365146458169,0.05548071732415651,0.012409466968892214,0.012409466968892214,-0.001807099524725968,-0.001807099524725968,-0.001807099524725968,0.0004911909135651357,0.0004911909135651357,0.0004911909135651357,-0.028162279434813788,-0.028162279434813788,-0.028162279434813788,-0.03873207833746414,-0.03873207833746414,-0.03873207833746414,-0.02947818804597462,-0.02947818804597462,-0.02947818804597462,-0.009253890291489524,-0.009253890291489524,-0.009253890291489524,0.0,0.0,0.0,-0.02632261136857193
2025-10-27,0.01233308103754972,-0.11217266497785405,0.06256511921206201,0.01233308103754972,0.01233308103754972,-0.001807099524725968,-0.001807099524725968,-0.001807099524725968,0.0004911909135651357,0.0004911909135651357,0.0004911909135651357,-0.028162279434813788,-0.028162279434813788,-0.028162279434813788,-0.03723705666543416,-0.03723705666543416,-0.03723705666543416,-0.02947818804597462,-0.02947818804597462,-0.02947818804597462,-0.007758868619459534,-0.007758868619459534,-0.007758868619459534,0.0,0.0,0.0,-0.024903975627884437
2025-10-28,0.012256695106207229,-0.10817704336400047,0.059527098015042426,0.012256695106207229,0.012256695106207229,-0.001807099524725968,-0.001807099524725968,-0.001807099524725968,0.0004911909135651357,0.0004911909135651357,0.0004911909135651357,-0.028162279434813788,-0.028162279434813788,-0.028162279434813788,-0.03685072404896744,-0.03685072404896744,-0.03685072404896744,-0.02947818804597462,-0.02947818804597462,-0.02947818804597462,-0.007372536002992826,-0.007372536002992826,-0.007372536002992826,0.0,0.0,0.0,-0.024594028942760214
2025-10-29,0.012180309174864736,-0.11492563573243647,0.04954821235544289,0.012180309174864736,0.012180309174864736,-0.001807099524725968,-0.001807099524725968,-0.001807099524725968,0.0004911909135651357,0.0004911909135651357,0.0004911909135651357,-0.028162279434813788,-0.028162279434813788,-0.028162279434813788,-0.041989372111457035,-0.041989372111457035,-0.041989372111457035,-0.02947818804597462,-0.02947818804597462,-0.02947818804597462,-0.012511184065482414,-0.012511184065482414,-0.012511184065482414,0.0,0.0,0.0,-0.0298090629365923
2025-10-30,0.012103923229036917,-0.11638422555683206,0.060373702821293236,0.012103923229036917,0.012103923229036917,-0.001807099524725968,-0.001807099524725968,-0.001807099524725968,0.0004911909135651357,0.0004911909135651357,0.0004911909135651357,-0.028162279434813788,-0.028162279434813788,-0.028162279434813788,-0.04348806804607257,-0.04348806804607257,-0.04348806804607257,-0.02947818804597462,-0.02947818804597462,-0.02947818804597462,-0.014009880000097943,-0.014009880000097943,-0.014009880000097943,0.0,0.0,0.0,-0.03138414481703565
2025-10-31,0.012027537283209098,-0.038211370076475085,0.13030772979155758,0.012027537283209098,0.012027537283209098,-0.001807099524725968,-0.001807099524725968,-0.001807099524725968,0.0004911909135651357,0.0004911909135651357,0.0004911909135651357,-0.028162279434813788,-0.028162279434813788,-0.028162279434813788,0.0335856056234469,0.0335856056234469,0.0335856056234469,-0.02947818804597462,-0.02947818804597462,-0.02947818804597462,0.06306379366942153,0.06306379366942153,0.06306379366942153,0.0,0.0,0.0,0.045613142906656
2025-11-01,0.01195115133738128,-0.11396909240686316,0.061634021860845996,0.01195115133738128,0.01195115133738128,-0.001807099524725968,-0.001807099524725968,-0.001807099524725968,0.0004911909135651357,0.0004911909135651357,0.0004911909135651357,-0.028162279434813788,-0.028162279434813788,-0.028162279434813788,-0.0416356227360613,-0.0416356227360613,-0.0416356227360613,-0.02947818804597462,-0.02947818804597462,-0.02947818804597462,-0.01215743469008668,-0.01215743469008668,-0.01215743469008668,0.0,0.0,0.0,-0.02968447139868002
2025-11-02,0.011874765386604168,-0.10760366889354708,0.051528335806976806,0.011874765386604168,0.011874765386604168,-0.001807099524725968,-0.001807099524725968,-0.001807099524725968,0.0004911909135651357,0.0004911909135651357,0.0004911909135651357,-0.028162279434813788,-0.028162279434813788,-0.028162279434813788,-0.03873207833749416,-0.03873207833749416,-0.03873207833749416,-0.02947818804597462,-0.02947818804597462,-0.02947818804597462,-0.009253890291519542,-0.009253890291519542,-0.009253890291519542,0.0,0.0,0.0,-0.026857312950889993
2025-11-03,0.011798379435827054,-0.11087512135288878,0.05497920588192881,0.011798379435827054,0.011798379435827054,-0.001807099524725968,-0.001807099524725968,-0.001807099524725968,0.0004911909135651357,0.0004911909135651357,0.0004911909135651357,-0.028162279434813788,-0.028162279434813788,-0.028162279434813788,-0.03723705666553565,-0.03723705666553565,-0.03723705666553565,-0.02947818804597462,-0.02947818804597462,-0.02947818804597462,-0.00775886861956103,-0.00775886861956103,-0.00775886861956103,0.0,0.0,0.0,-0.0254386772297086
2025-11-04,0.011721993485049945,-0.10588169409894238,0.058120071829667413,0.011721993485049945,0.011721993485049945,-0.001807099524725968,-0.001807099524725968,-0.001807099524725968,0.0004911909135651357,0.0004911909135651357,0.0004911909135651357,-0.028162279434813788,-0.028162279434813788,-0.028162279434813788,-0.036850724049021524,-0.036850724049021524,-0.036850724049021524,-0.02947818804597462,-0.02947818804597462,-0.02947818804597462,-0.007372536003046901,-0.007372536003046901,-0.007372536003046901,0.0,0.0,0.0,-0.02512873056397158
2025-11-05,0.011645607537860418,-0.10789608325703781,0.05463511174989568,0.011645607537860418,0.011645607537860418,-0.001807099524725968,-0.001807099524725968,-0.001807099524725968,0.0004911909135651357,0.0004911909135651357,0.0004911909135651357,-0.028162279434813788,-0.028162279434813788,-0.028162279434813788,-0.04198937211155648,-0.04198937211155648,-0.04198937211155648,-0.02947818804597462,-0.02947818804597462,-0.02947818804597462,-0.012511184065581864,-0.012511184065581864,-0.012511184065581864,0.0,0.0,0.0,-0.030343764573696065
2025-11-06,0.011569221590670895,-0.11653413413457377,0.054308144577077264,0.011569221590670895,0.011569221590670895,-0.001807099524725968,-0.001807099524725968,-0.001807099524725968,0.0004911909135651357,0.0004911909135651357,0.0004911909135651357,-0.028162279434813788,-0.028162279434813788,-0.028162279434813788,-0.04348806804597707,-0.04348806804597707,-0.04348806804597707,-0.02947818804597462,-0.02947818804597462,-0.02947818804597462,-0.014009880000002447,-0.014009880000002447,-0.014009880000002447,0.0,0.0,0.0,-0.03191884645530617
2025-11-07,0.011492835643481369,-0.04070801380564661,0.12812512592495684,0.011492835643481369,0.011492835643481369,-0.001807099524725968,-0.001807099524725968,-0.001807099524725968,0.0004911909135651357,0.0004911909135651357,0.0004911909135651357,-0.028162279434813788,-0.028162279434813788,-0.028162279434813788,0.033585605623449,0.033585605623449,0.033585605623449,-0.02947818804597462,-0.02947818804597462,-0.02947818804597462,0.06306379366942362,0.06306379366942362,0.06306379366942362,0.0,0.0,0.0,0.045078441266930364
2025-11-08,0.011416449696291842,-0.11091126756502728,0.051779617686839606,0.011416449696291842,0.011416449696291842,-0.001807099524725968,-0.001807099524725968,-0.001807099524725968,0.0004911909135651357,0.0004911909135651357,0.0004911909135651357,-0.028162279434813788,-0.028162279434813788,-0.028162279434813788,-0.04163562273587409,-0.04163562273587409,-0.04163562273587409,-0.02947818804597462,-0.02947818804597462,-0.02947818804597462,-0.012157434689899466,-0.012157434689899466,-0.012157434689899466,0.0,0.0,0.0,-0.030219173039582246
2025-11-09,0.01134006374910232,-0.11543660532683643,0.05646347710257229,0.01134006374910232,0.01134006374910232,-0.001807099524725968,-0.001807099524725968,-0.001807099524725968,0.0004911909135651357,0.0004911909135651357,0.0004911909135651357,-0.028162279434813788,-0.028162279434813788,-0.028162279434813788,-0.03873207833752129,-0.03873207833752129,-0.03873207833752129,-0.02947818804597462,-0.02947818804597462,-0.02947818804597462,-0.009253890291546671,-0.009253890291546671,-0.009253890291546671,0.0,0.0,0.0,-0.027392014588418973
2025-11-10,0.011263677801912793,-0.11210018279688679,0.058282925207600485,0.011263677801912793,0.011263677801912793,-0.001807099524725968,-0.001807099524725968,-0.001807099524725968,0.0004911909135651357,0.0004911909135651357,0.0004911909135651357,-0.028162279434813788,-0.028162279434813788,-0.028162279434813788,-0.03723705666532928,-0.03723705666532928,-0.03723705666532928,-0.02947818804597462,-0.02947818804597462,-0.02947818804597462,-0.007758868619354658,-0.007758868619354658,-0.007758868619354658,0.0,0.0,0.0,-0.02597337886341649
2025-11-11,0.01118729185472327,-0.10460673688459003,0.05943583468552,0.01118729185472327,0.01118729185472327,-0.001807099524725968,-0.001807099524725968,-0.001807099524725968,0.0004911909135651357,0.0004911909135651357,0.0004911909135651357,-0.028162279434813788,-0.028162279434813788,-0.028162279434813788,-0.036850724048919696,-0.036850724048919696,-0.036850724048919696,-0.02947818804597462,-0.02947818804597462,-0.02947818804597462,-0.007372536002945079,-0.007372536002945079,-0.007372536002945079,0.0,0.0,0.0,-0.025663432194196426
2025-11-12,0.011110905907533743,-0.10908890767689393,0.05762976159231792,0.011110905907533743,0.011110905907533743,-0.001807099524725968,-0.001807099524725968,-0.001807099524725968,0.0004911909135651357,0.0004911909135651357,0.0004911909135651357,-0.028162279434813788,-0.028162279434813788,-0.028162279434813788,-0.04198937211139442,-0.04198937211139442,-0.04198937211139442,-0.02947818804597462,-0.02947818804597462,-0.02947818804597462,-0.0125111840654198,-0.0125111840654198,-0.0125111840654198,0.0,0.0,0.0,-0.030878466203860675
2025-11-13,0.011034519960344219,-0.11256550651438049,0.05575992763700754,0.011034519960344219,0.011034519960344219,-0.001807099524725968,-0.001807099524725968,-0.001807099524725968,0.0004911909135651357,0.0004911909135651357,0.0004911909135651357,-0.028162279434813788,-0.028162279434813788,-0.028162279434813788,-0.04348806804617029,-0.04348806804617029,-0.04348806804617029,-0.02947818804597462,-0.02947818804597462,-0.02947818804597462,-0.014009880000195669,-0.014009880000195669,-0.014009880000195669,0.0,0.0,0.0,-0.03245354808582607
2025-11-14,0.010958134013154694,-0.041088139102422754,0.12278985892309538,0.010958134013154694,0.010958134013154694,-0.001807099524725968,-0.001807099524725968,-0.001807099524725968,0.0004911909135651357,0.0004911909135651357,0.0004911909135651357,-0.028162279434813788,-0.028162279434813788,-0.028162279434813788,0.0335856056234467,0.0335856056234467,0.0335856056234467,-0.02947818804597462,-0.02947818804597462,-0.02947818804597462,0.06306379366942132,0.06306379366942132,0.06306379366942132,0.0,0.0,0.0,0.044543739636601395
2025-11-15,0.01088174806596517,-0.11462488507085805,0.054710339528478646,0.01088174806596517,0.01088174806596517,-0.001807099524725968,-0.001807099524725968,-0.001807099524725968,0.0004911909135651357,0.0004911909135651357,0.0004911909135651357,-0.028162279434813788,-0.028162279434813788,-0.028162279434813788,-0.04163562273589755,-0.04163562273589755,-0.04163562273589755,-0.02947818804597462,-0.02947818804597462,-0.02947818804597462,-0.012157434689922926,-0.012157434689922926,-0.012157434689922926,0.0,0.0,0.0,-0.03075387466993238
2025-11-16,0.010805362118775644,-0.11663261618274799,0.05408665681855492,0.010805362118775644,0.010805362118775644,-0.001807099524725968,-0.001807099524725968,-0.001807099524725968,0.0004911909135651357,0.0004911909135651357,0.0004911909135651357,-0.028162279434813788,-0.028162279434813788,-0.028162279434813788,-0.038732078337548416,-0.038732078337548416,-0.038732078337548416,-0.02947818804597462,-0.02947818804597462,-0.02947818804597462,-0.009253890291573795,-0.009253890291573795,-0.009253890291573795,0.0,0.0,0.0,-0.02792671621877277
2025-11-17,0.010728976171586118,-0.11305995711887931,0.04975002966861135,0.010728976171586118,0.010728976171586118,-0.001807099524725968,-0.001807099524725968,-0.001807099524725968,0.0004911909135651357,0.0004911909135651357,0.0004911909135651357,-0.028162279434813788,-0.028162279434813788,-0.028162279434813788,-0.03723705666543078,-0.03723705666543078,-0.03723705666543078,-0.02947818804597462,-0.02947818804597462,-0.02947818804597462,-0.007758868619456153,-0.007758868619456153,-0.007758868619456153,0.0,0.0,0.0,-0.02650808049384466
2025-11-18,0.010652590224396595,-0.10488640135911297,0.06142225342995897,0.010652590224396595,0.010652590224396595,-0.001807099524725968,-0.001807099524725968,-0.001807099524725968,0.0004911909135651357,0.0004911909135651357,0.0004911909135651357,-0.028162279434813788,-0.028162279434813788,-0.028162279434813788,-0.03685072404897378,-0.03685072404897378,-0.03685072404897378,-0.02947818804597462,-0.02947818804597462,-0.02947818804597462,-0.007372536002999152,-0.007372536002999152,-0.007372536002999152,0.0,0.0,0.0,-0.026198133824577183
2025-11-19,0.010576204277207069,-0.11449330919275034,0.04980261485209696,0.010576204277207069,0.010576204277207069,-0.001807099524725968,-0.001807099524725968,-0.001807099524725968,0.0004911909135651357,0.0004911909135651357,0.0004911909135651357,-0.028162279434813788,-0.028162279434813788,-0.028162279434813788,-0.04198937211149386,-0.04198937211149386,-0.04198937211149386,-0.02947818804597462,-0.02947818804597462,-0.02947818804597462,-0.012511184065519243,-0.012511184065519243,-0.012511184065519243,0.0,0.0,0.0,-0.03141316783428679
2025-11-20,0.010499818330017544,-0.11854129577972343,0.04703343451055929,0.010499818330017544,0.010499818330017544,-0.001807099524725968,-0.001807099524725968,-0.001807099524725968,0.0004911909135651357,0.0004911909135651357,0.0004911909135651357,-0.028162279434813788,-0.028162279434813788,-0.028162279434813788,-0.0434880680461477,-0.0434880680461477,-0.0434880680461477,-0.02947818804597462,-0.02947818804597462,-0.02947818804597462,-0.014009880000173083,-0.014009880000173083,-0.014009880000173083,0.0,0.0,0.0,-0.03298824971613016
2025-11-21,0.010423432382828019,-0.04079405069115559,0.12695317980777415,0.010423432382828019,0.010423432382828019,-0.001807099524725968,-0.001807099524725968,-0.001807099524725968,0.0004911909135651357,0.0004911909135651357,0.0004911909135651357,-0.028162279434813788,-0.028162279434813788,-0.028162279434813788,0.03358560562345321,0.03358560562345321,0.03358560562345321,-0.02947818804597462,-0.02947818804597462,-0.02947818804597462,0.06306379366942783,0.06306379366942783,0.06306379366942783,0.0,0.0,0.0,0.044009038006281226
2025-11-22,0.010347046435638494,-0.12146274167765127,0.051490739657079926,0.010347046435638494,0.010347046435638494,-0.001807099524725968,-0.001807099524725968,-0.001807099524725968,0.0004911909135651357,0.0004911909135651357,0.0004911909135651357,-0.028162279434813788,-0.028162279434813788,-0.028162279434813788,-0.041635622735921016,-0.041635622735921016,-0.041635622735921016,-0.02947818804597462,-0.02947818804597462,-0.02947818804597462,-0.01215743468994639,-0.01215743468994639,-0.01215743468994639,0.0,0.0,0.0,-0.03128857630028252
2025-11-23,0.01027066048844897,-0.11566028614262044,0.06490308762837171,0.01027066048844897,0.01027066048844897,-0.001807099524725968,-0.001807099524725968,-0.001807099524725968,0.0004911909135651357,0.0004911909135651357,0.0004911909135651357,-0.028162279434813788,-0.028162279434813788,-0.028162279434813788,-0.03873207833745407,-0.03873207833745407,-0.03873207833745407,-0.02947818804597462,-0.02947818804597462,-0.02947818804597462,-0.009253890291479445,-0.009253890291479445,-0.009253890291479445,0.0,0.0,0.0,-0.028461417849005098
2025-11-24,0.010194274541259443,-0.114523613294444,0.05270967040810731,0.010194274454513002,0.010194274605766844,-0.001807099524725968,-0.001807099524725968,-0.001807099524725968,0.0004911909135651357,0.0004911909135651357,0.0004911909135651357,-0.028162279434813788,-0.028162279434813788,-0.028162279434813788,-0.03723705666547415,-0.03723705666547415,-0.03723705666547415,-0.02947818804597462,-0.02947818804597462,-0.02947818804597462,-0.007758868619499527,-0.007758868619499527,-0.007758868619499527,0.0,0.0,0.0,-0.02704278212421471
2025-11-25,0.010117888594069918,-0.11566203559948776,0.05360422291015013,0.010117888160629323,0.010117888968262974,-0.001807099524725968,-0.001807099524725968,-0.001807099524725968,0.0004911909135651357,0.0004911909135651357,0.0004911909135651357,-0.028162279434813788,-0.028162279434813788,-0.028162279434813788,-0.03685072404887195,-0.03685072404887195,-0.03685072404887195,-0.02947818804597462,-0.02947818804597462,-0.02947818804597462,-0.007372536002897327,-0.007372536002897327,-0.007372536002897327,0.0,0.0,0.0,-0.026732835454802033
2025-11-26,0.010041502646880394,-0.11679188426691445,0.049729955234082995,0.010041501743810494,0.010041503530824543,-0.001807099524725968,-0.001807099524725968,-0.001807099524725968,0.0004911909135651357,0.0004911909135651357,0.0004911909135651357,-0.028162279434813788,-0.028162279434813788,-0.028162279434813788,-0.041989372111466326,-0.041989372111466326,-0.041989372111466326,-0.02947818804597462,-0.02947818804597462,-0.02947818804597462,-0.012511184065491707,-0.012511184065491707,-0.012511184065491707,0.0,0.0,0.0,-0.03194786946458593
2025-11-27,0.009965116699690869,-0.11641789075406446,0.052859014096594915,0.00996511500171861,0.009965118365235063,-0.001807099524725968,-0.001807099524725968,-0.001807099524725968,0.0004911909135651357,0.0004911909135651357,0.0004911909135651357,-0.028162279434813788,-0.028162279434813788,-0.028162279434813788,-0.04348806804612511,-0.04348806804612511,-0.04348806804612511,-0.02947818804597462,-0.02947818804597462,-0.02947818804597462,-0.014009880000150493,-0.014009880000150493,-0.014009880000150493,0.0,0.0,0.0,-0.03352295134643424
2025-11-28,0.009888730752501344,-0.03763509512780865,0.1274745623592368,0.009888728164914727,0.009888733386349652,-0.001807099524725968,-0.001807099524725968,-0.001807099524725968,0.0004911909135651357,0.0004911909135651357,0.0004911909135651357,-0.028162279434813788,-0.028162279434813788,-0.028162279434813788,0.03358560562345091,0.03358560562345091,0.03358560562345091,-0.02947818804597462,-0.02947818804597462,-0.02947818804597462,0.06306379366942554,0.06306379366942554,0.06306379366942554,0.0,0.0,0.0,0.04347433637595226
2025-11-29,0.009812344805311818,-0.1189758124889251,0.05617974398777143,0.00981234126597686,0.009812348430304674,-0.001807099524725968,-0.001807099524725968,-0.001807099524725968,0.0004911909135651357,0.0004911909135651357,0.0004911909135651357,-0.028162279434813788,-0.028162279434813788,-0.028162279434813788,-0.0416356227357338,-0.0416356227357338,-0.0416356227357338,-0.02947818804597462,-0.02947818804597462,-0.02947818804597462,-0.012157434689759177,-0.012157434689759177,-0.012157434689759177,0.0,0.0,0.0,-0.03182327793042198
2025-11-30,0.009735958858122295,-0.11474093722142327,0.05338928274902356,0.00973595400615002,0.009735963756335312,-0.001807099524725968,-0.001807099524725968,-0.001807099524725968,0.0004911909135651357,0.0004911909135651357,0.0004911909135651357,-0.028162279434813788,-0.028162279434813788,-0.028162279434813788,-0.03873207833735971,-0.03873207833735971,-0.03873207833735971,-0.02947818804597462,-0.02947818804597462,-0.02947818804597462,-0.00925389029138509,-0.00925389029138509,-0.00925389029138509,0.0,0.0,0.0,-0.028996119479237418
2025-12-01,0.009659572910932768,-0.11414789488474418,0.05817074537584986,0.009659566788370407,0.009659578967180605,-0.001807099524725968,-0.001807099524725968,-0.001807099524725968,0.0004911909135651357,0.0004911909135651357,0.0004911909135651357,-0.028162279434813788,-0.028162279434813788,-0.028162279434813788,-0.03723705666542171,-0.03723705666542171,-0.03723705666542171,-0.02947818804597462,-0.02947818804597462,-0.02947818804597462,-0.007758868619447086,-0.007758868619447086,-0.007758868619447086,0.0,0.0,0.0,-0.02757748375448894
2025-12-02,0.009583186963743244,-0.11026920466658191,0.05081029684712806,0.009583179433543471,0.009583194321651754,-0.001807099524725968,-0.001807099524725968,-0.001807099524725968,0.0004911909135651357,0.0004911909135651357,0.0004911909135651357,-0.028162279434813788,-0.028162279434813788,-0.028162279434813788,-0.03685072404908192,-0.03685072404908192,-0.03685072404908192,-0.02947818804597462,-0.02947818804597462,-0.02947818804597462,-0.0073725360031073,-0.0073725360031073,-0.0073725360031073,0.0,0.0,0.0,-0.027267537085338675
2025-12-03,0.009506801016553719,-0.11523177799847803,0.05637226915709177,0.00950679228383695,0.009506809663429393,-0.001807099524725968,-0.001807099524725968,-0.001807099524725968,0.0004911909135651357,0.0004911909135651357,0.0004911909135651357,-0.028162279434813788,-0.028162279434813788,-0.028162279434813788,-0.04198937211143879,-0.04198937211143879,-0.04198937211143879,-0.02947818804597462,-0.02947818804597462,-0.02947818804597462,-0.012511184065464172,-0.012511184065464172,-0.012511184065464172,0.0,0.0,0.0,-0.032482571094885074
2025-12-04,0.009430415069364192,-0.12389565883420108,0.04882278229750648,0.009430404750570468,0.009430425150307778,-0.001807099524725968,-0.001807099524725968,-0.001807099524725968,0.0004911909135651357,0.0004911909135651357,0.0004911909135651357,-0.028162279434813788,-0.028162279434813788,-0.028162279434813788,-0.04348806804602961,-0.04348806804602961,-0.04348806804602961,-0.02947818804597462,-0.02947818804597462,-0.02947818804597462,-0.014009880000054993,-0.014009880000054993,-0.014009880000054993,0.0,0.0,0.0,-0.034057652976665416
2025-12-05,0.00935402912217467,-0.04168032078610512,0.12930824528657875,0.009354017241427435,0.009354040807398673,-0.001807099524725968,-0.001807099524725968,-0.001807099524725968,0.0004911909135651357,0.0004911909135651357,0.0004911909135651357,-0.028162279434813788,-0.028162279434813788,-0.028162279434813788,0.03358560562344694,0.03358560562344694,0.03358560562344694,-0.02947818804597462,-0.02947818804597462,-0.02947818804597462,0.06306379366942155,0.06306379366942155,0.06306379366942155,0.0,0.0,0.0,0.04293963474562161
2025-12-06,0.009277643174985145,-0.11006878053187102,0.046820429855467194,0.009277629454660692,0.00927765654994957,-0.001807099524725968,-0.001807099524725968,-0.001807099524725968,0.0004911909135651357,0.0004911909135651357,0.0004911909135651357,-0.028162279434813788,-0.028162279434813788,-0.028162279434813788,-0.041635622735822234,-0.041635622735822234,-0.041635622735822234,-0.02947818804597462,-0.02947818804597462,-0.02947818804597462,-0.012157434689847615,-0.012157434689847615,-0.012157434689847615,0.0,0.0,0.0,-0.03235797956083709
2025-12-07,0.009201257227795618,-0.11360877189132859,0.055760761965588476,0.009201241653887443,0.009201272337155099,-0.001807099524725968,-0.001807099524725968,-0.001807099524725968,0.0004911909135651357,0.0004911909135651357,0.0004911909135651357,-0.028162279434813788,-0.028162279434813788,-0.028162279434813788,-0.038732078337386844,-0.038732078337386844,-0.038732078337386844,-0.02947818804597462,-0.02947818804597462,-0.02947818804597462,-0.009253890291412223,-0.009253890291412223,-0.009253890291412223,0.0,0.0,0.0,-0.029530821109591224
2025-12-08,0.009124871280606094,-0.11472790426271094,0.05499309290316664,0.00912485352614765,0.009124888308809484,-0.001807099524725968,-0.001807099524725968,-0.001807099524725968,0.0004911909135651357,0.0004911909135651357,0.0004911909135651357,-0.028162279434813788,-0.028162279434813788,-0.028162279434813788,-0.03723705666536927,-0.03723705666536927,-0.03723705666536927,-0.02947818804597462,-0.02947818804597462,-0.02947818804597462,-0.007758868619394647,-0.007758868619394647,-0.007758868619394647,0.0,0.0,0.0,-0.028112185384763178
2025-12-09,0.009048485333416569,-0.11954802222537601,0.05680641054970146,0.009048465799732546,0.00904850451724041,-0.001807099524725968,-0.001807099524725968,-0.001807099524725968,0.0004911909135651357,0.0004911909135651357,0.0004911909135651357,-0.028162279434813788,-0.028162279434813788,-0.028162279434813788,-0.03685072404903364,-0.03685072404903364,-0.03685072404903364,-0.02947818804597462,-0.02947818804597462,-0.02947818804597462,-0.007372536003059017,-0.007372536003059017,-0.007372536003059017,0.0,0.0,0.0,-0.027802238715617072
2025-12-10,0.008972099386227044,-0.11847656006796926,0.053326420122797695,0.008972078260042534,0.008972120035769108,-0.001807099524725968,-0.001807099524725968,-0.001807099524725968,0.0004911909135651357,0.0004911909135651357,0.0004911909135651357,-0.028162279434813788,-0.028162279434813788,-0.028162279434813788,-0.04198937211140371,-0.04198937211140371,-0.04198937211140371,-0.02947818804597462,-0.02947818804597462,-0.02947818804597462,-0.012511184065429089,-0.012511184065429089,-0.012511184065429089,0.0,0.0,0.0,-0.03301727272517667
2025-12-11,0.00889571343903752,-0.11341822068315298,0.05029522912014689,0.0088956899085966,0.008895736172895687,-0.001807099524725968,-0.001807099524725968,-0.001807099524725968,0.0004911909135651357,0.0004911909135651357,0.0004911909135651357,-0.028162279434813788,-0.028162279434813788,-0.028162279434813788,-0.04348806804593411,-0.04348806804593411,-0.04348806804593411,-0.02947818804597462,-0.02947818804597462,-0.02947818804597462,-0.014009879999959486,-0.014009879999959486,-0.014009879999959486,0.0,0.0,0.0,-0.03459235460689659
2025-12-12,0.008819327491847993,-0.04687694003397637,0.12644725922828326,0.008819302448811074,0.008819351812933328,-0.001807099524725968,-0.001807099524725968,-0.001807099524725968,0.0004911909135651357,0.0004911909135651357,0.0004911909135651357,-0.028162279434813788,-0.028162279434813788,-0.028162279434813788,0.03358560562344905,0.03358560562344905,0.03358560562344905,-0.02947818804597462,-0.02947818804597462,-0.02947818804597462,0.06306379366942366,0.06306379366942366,0.06306379366942366,0.0,0.0,0.0,0.04240493311529704
2025-12-13,0.008742941544658468,-0.11969634378389189,0.05223614224743489,0.008742914271231717,0.008742967929757466,-0.001807099524725968,-0.001807099524725968,-0.001807099524725968,0.0004911909135651357,0.0004911909135651357,0.0004911909135651357,-0.028162279434813788,-0.028162279434813788,-0.028162279434813788,-0.041635622735780725,-0.041635622735780725,-0.041635622735780725,-0.02947818804597462,-0.02947818804597462,-0.02947818804597462,-0.0121574346898061,-0.0121574346898061,-0.0121574346898061,0.0,0.0,0.0,-0.03289268119112226
2025-12-14,0.008666555597468945,-0.1085889809355041,0.056982163981850305,0.008666525638381713,0.008666584450868355,-0.001807099524725968,-0.001807099524725968,-0.001807099524725968,0.0004911909135651357,0.0004911909135651357,0.0004911909135651357,-0.028162279434813788,-0.028162279434813788,-0.028162279434813788,-0.038732078337413975,-0.038732078337413975,-0.038732078337413975,-0.02947818804597462,-0.02947818804597462,-0.02947818804597462,-0.009253890291439353,-0.009253890291439353,-0.009253890291439353,0.0,0.0,0.0,-0.03006552273994503
2025-12-15,0.008590169650279419,-0.12084764728790218,0.05279657398577352,0.00859013707209085,0.008590200612495123,-0.001807099524725968,-0.001807099524725968,-0.001807099524725968,0.0004911909135651357,0.0004911909135651357,0.0004911909135651357,-0.028162279434813788,-0.028162279434813788,-0.028162279434813788,-0.037237056665470766,-0.037237056665470766,-0.037237056665470766,-0.02947818804597462,-0.02947818804597462,-0.02947818804597462,-0.007758868619496146,-0.007758868619496146,-0.007758868619496146,0.0,0.0,0.0,-0.028646887015191348
2025-12-16,0.008513783703089894,-0.10870114229958822,0.05807862550089486,0.008513748960906408,0.00851381667091152,-0.001807099524725968,-0.001807099524725968,-0.001807099524725968,0.0004911909135651357,0.0004911909135651357,0.0004911909135651357,-0.028162279434813788,-0.028162279434813788,-0.028162279434813788,-0.03685072404908771,-0.03685072404908771,-0.03685072404908771,-0.02947818804597462,-0.02947818804597462,-0.02947818804597462,-0.007372536003113087,-0.007372536003113087,-0.007372536003113087,0.0,0.0,0.0,-0.02833694034599781
2025-12-17,0.00843739775590037,-0.11576730659755533,0.05062082843920152,0.008437361321815601,0.00843743295230641,-0.001807099524725968,-0.001807099524725968,-0.001807099524725968,0.0004911909135651357,0.0004911909135651357,0.0004911909135651357,-0.028162279434813788,-0.028162279434813788,-0.028162279434813788,-0.04198937211150315,-0.04198937211150315,-0.04198937211150315,-0.02947818804597462,-0.02947818804597462,-0.02947818804597462,-0.012511184065528532,-0.012511184065528532,-0.012511184065528532,0.0,0.0,0.0,-0.03355197435560278
2025-12-18,0.008361011808710843,-0.11304802109778787,0.05081104296663449,0.008360973410355842,0.008361050082908609,-0.001807099524725968,-0.001807099524725968,-0.001807099524725968,0.0004911909135651357,0.0004911909135651357,0.0004911909135651357,-0.028162279434813788,-0.028162279434813788,-0.028162279434813788,-0.04348806804591152,-0.04348806804591152,-0.04348806804591152,-0.02947818804597462,-0.02947818804597462,-0.02947818804597462,-0.014009879999936903,-0.014009879999936903,-0.014009879999936903,0.0,0.0,0.0,-0.03512705623720068
2025-12-19,0.00828462586152132,-0.04206621650539403,0.12009850883550337,0.008284585611147144,0.00828466626744261,-0.001807099524725968,-0.001807099524725968,-0.001807099524725968,0.0004911909135651357,0.0004911909135651357,0.0004911909135651357,-0.028162279434813788,-0.028162279434813788,-0.028162279434813788,0.033585605623451156,0.033585605623451156,0.033585605623451156,-0.02947818804597462,-0.02947818804597462,-0.02947818804597462,0.06306379366942577,0.06306379366942577,0.06306379366942577,0.0,0.0,0.0,0.04187023148497247
2025-12-20,0.008208239914331793,-0.11762782632208765,0.04725633197321013,0.008208197777053745,0.00820828289264665,-0.001807099524725968,-0.001807099524725968,-0.001807099524725968,0.0004911909135651357,0.0004911909135651357,0.0004911909135651357,-0.028162279434813788,-0.028162279434813788,-0.028162279434813788,-0.04163562273586916,-0.04163562273586916,-0.04163562273586916,-0.02947818804597462,-0.02947818804597462,-0.02947818804597462,-0.012157434689894539,-0.012157434689894539,-0.012157434689894539,0.0,0.0,0.0,-0.03342738282153737
2025-12-21,0.008131853967142269,-0.11323071668032955,0.05856043555166657,0.008131809131894754,0.008131899458302892,-0.001807099524725968,-0.001807099524725968,-0.001807099524725968,0.0004911909135651357,0.0004911909135651357,0.0004911909135651357,-0.028162279434813788,-0.028162279434813788,-0.028162279434813788,-0.03873207833744399,-0.03873207833744399,-0.03873207833744399,-0.02947818804597462,-0.02947818804597462,-0.02947818804597462,-0.00925389029146937,-0.00925389029146937,-0.00925389029146937,0.0,0.0,0.0,-0.030600224370301722
2025-12-22,0.008055468019952744,-0.10894808517373548,0.052009952804328276,0.008055420707424002,0.008055516619837836,-0.001807099524725968,-0.001807099524725968,-0.001807099524725968,0.0004911909135651357,0.0004911909135651357,0.0004911909135651357,-0.028162279434813788,-0.028162279434813788,-0.028162279434813788,-0.03723705666557227,-0.03723705666557227,-0.03723705666557227,-0.02947818804597462,-0.02947818804597462,-0.02947818804597462,-0.007758868619597644,-0.007758868619597644,-0.007758868619597644,0.0,0.0,0.0,-0.029181588645619524
2025-12-23,0.00797908207276322,-0.11278617799670974,0.046793116181816,0.007979032996571534,0.007979133030352614,-0.001807099524725968,-0.001807099524725968,-0.001807099524725968,0.0004911909135651357,0.0004911909135651357,0.0004911909135651357,-0.028162279434813788,-0.028162279434813788,-0.028162279434813788,-0.036850724048985886,-0.036850724048985886,-0.036850724048985886,-0.02947818804597462,-0.02947818804597462,-0.02947818804597462,-0.007372536003011265,-0.007372536003011265,-0.007372536003011265,0.0,0.0,0.0,-0.02887164197622267
