ds,trend,yhat_lower,yhat_upper,trend_lower,trend_upper,GenZ lifestyle_7d_avg,GenZ lifestyle_7d_avg_lower,GenZ lifestyle_7d_avg_upper,GenZ lifestyle_growth,GenZ lifestyle_growth_lower,GenZ lifestyle_growth_upper,GenZ lifestyle_momentum,GenZ lifestyle_momentum_lower,GenZ lifestyle_momentum_upper,additive_terms,additive_terms_lower,additive_terms_upper,extra_regressors_additive,extra_regressors_additive_lower,extra_regressors_additive_upper,weekly,weekly_lower,weekly_upper,multiplicative_terms,multiplicative_terms_lower,multiplicative_terms_upper,yhat
2025-08-23,0.0220282,0.028027338496261905,0.20318731257561173,0.0220282,0.0220282,0.0935311629979843,0.0935311629979843,0.0935311629979843,0.006665148954758572,0.006665148954758572,0.006665148954758572,-0.004509543111476284,-0.004509543111476284,-0.004509543111476284,0.08832645536031052,0.08832645536031052,0.08832645536031052,0.09568676884126658,0.09568676884126658,0.09568676884126658,-0.007360313480956067,-0.007360313480956067,-0.007360313480956067,0.0,0.0,0.0,0.11035465536031051
2025-08-24,0.02219298043478261,-0.00419524097815462,0.1695919512575842,0.02219298043478261,0.02219298043478261,0.0935311629979843,0.0935311629979843,0.0935311629979843,0.006665148954758572,0.006665148954758572,0.006665148954758572,-0.004509543111476284,-0.004509543111476284,-0.004509543111476284,0.06401258605900911,0.06401258605900911,0.06401258605900911,0.09568676884126658,0.09568676884126658,0.09568676884126658,-0.03167418278225746,-0.03167418278225746,-0.03167418278225746,0.0,0.0,0.0,0.08620556649379173
2025-08-25,0.02235776086956522,0.009093566948360013,0.18026596420913035,0.02235776086956522,0.02235776086956522,0.0935311629979843,0.0935311629979843,0.0935311629979843,0.006665148954758572,0.006665148954758572,0.006665148954758572,-0.004509543111476284,-0.004509543111476284,-0.004509543111476284,0.07163187509692187,0.07163187509692187,0.07163187509692187,0.09568676884126658,0.09568676884126658,0.09568676884126658,-0.024054893744344705,-0.024054893744344705,-0.024054893744344705,0.0,0.0,0.0,0.09398963596648709
2025-08-26,0.02252254130434783,0.034938053077520535,0.19972467534505017,0.02252254130434783,0.02252254130434783,0.0935311629979843,0.0935311629979843,0.0935311629979843,0.006665148954758572,0.006665148954758572,0.006665148954758572,-0.004509543111476284,-0.004509543111476284,-0.004509543111476284,0.09583121011191537,0.09583121011191537,0.09583121011191537,0.09568676884126658,0.09568676884126658,0.09568676884126658,0.00014444127064878933,0.00014444127064878933,0.00014444127064878933,0.0,0.0,0.0,0.1183537514162632
2025-08-27,0.02268732173936736,0.025642577891606573,0.1920393864122305,0.02268732173936736,0.02268732173936736,0.0935311629979843,0.0935311629979843,0.0935311629979843,0.006665148954758572,0.006665148954758572,0.006665148954758572,-0.004509543111476284,-0.004509543111476284,-0.004509543111476284,0.08799493495390344,0.08799493495390344,0.08799493495390344,0.09568676884126658,0.09568676884126658,0.09568676884126658,-0.007691833887363137,-0.007691833887363137,-0.007691833887363137,0.0,0.0,0.0,0.1106822566932708
2025-08-28,0.022852102174386886,0.061016870297904736,0.2342749281978134,0.022852102174386886,0.022852102174386886,0.0935311629979843,0.0935311629979843,0.0935311629979843,0.006665148954758572,0.006665148954758572,0.006665148954758572,-0.004509543111476284,-0.004509543111476284,-0.004509543111476284,0.12776005884130429,0.12776005884130429,0.12776005884130429,0.09568676884126658,0.09568676884126658,0.09568676884126658,0.03207329000003771,0.03207329000003771,0.03207329000003771,0.0,0.0,0.0,0.15061216101569116
2025-08-29,0.023016882609406417,0.07484015740848149,0.2399871886189972,0.023016882609406417,0.023016882609406417,0.0935311629979843,0.0935311629979843,0.0935311629979843,0.006665148954758572,0.006665148954758572,0.006665148954758572,-0.004509543111476284,-0.004509543111476284,-0.004509543111476284,0.13425026146560465,0.13425026146560465,0.13425026146560465,0.09568676884126658,0.09568676884126658,0.09568676884126658,0.038563492624338065,0.038563492624338065,0.038563492624338065,0.0,0.0,0.0,0.15726714407501108
2025-08-30,0.023181663043181065,0.02857501597684038,0.19856967377312065,0.023181663043181065,0.023181663043181065,0.0935311629979843,0.0935311629979843,0.0935311629979843,0.006665148954758572,0.006665148954758572,0.006665148954758572,-0.004509543111476284,-0.004509543111476284,-0.004509543111476284,0.08832645536026154,0.08832645536026154,0.08832645536026154,0.09568676884126658,0.09568676884126658,0.09568676884126658,-0.007360313481005043,-0.007360313481005043,-0.007360313481005043,0.0,0.0,0.0,0.1115081184034426
2025-08-31,0.023346443476955712,0.0060037021264626456,0.17914752588689892,0.023346443476955712,0.023346443476955712,0.0935311629979843,0.0935311629979843,0.0935311629979843,0.006665148954758572,0.006665148954758572,0.006665148954758572,-0.004509543111476284,-0.004509543111476284,-0.004509543111476284,0.06401258605898257,0.06401258605898257,0.06401258605898257,0.09568676884126658,0.09568676884126658,0.09568676884126658,-0.03167418278228401,-0.03167418278228401,-0.03167418278228401,0.0,0.0,0.0,0.08735902953593827
2025-09-01,0.023511223910730364,0.009926690022318087,0.17298900105612183,0.023511223910730364,0.023511223910730364,0.0935311629979843,0.0935311629979843,0.0935311629979843,0.006665148954758572,0.006665148954758572,0.006665148954758572,-0.004509543111476284,-0.004509543111476284,-0.004509543111476284,0.07163187509691991,0.07163187509691991,0.07163187509691991,0.09568676884126658,0.09568676884126658,0.09568676884126658,-0.024054893744346665,-0.024054893744346665,-0.024054893744346665,0.0,0.0,0.0,0.09514309900765028
2025-09-02,0.02367600434627728,0.026729174845487865,0.2052097682008452,0.02367600434627728,0.02367600434627728,0.0935311629979843,0.0935311629979843,0.0935311629979843,0.006665148954758572,0.006665148954758572,0.006665148954758572,-0.004509543111476284,-0.004509543111476284,-0.004509543111476284,0.09583121011191012,0.09583121011191012,0.09583121011191012,0.09568676884126658,0.09568676884126658,0.09568676884126658,0.0001444412706435392,0.0001444412706435392,0.0001444412706435392,0.0,0.0,0.0,0.1195072144581874
2025-09-03,0.023840784781824203,0.02214644404670359,0.20121677698611937,0.023840784781824203,0.023840784781824203,0.0935311629979843,0.0935311629979843,0.0935311629979843,0.006665148954758572,0.006665148954758572,0.006665148954758572,-0.004509543111476284,-0.004509543111476284,-0.004509543111476284,0.08799493495392138,0.08799493495392138,0.08799493495392138,0.09568676884126658,0.09568676884126658,0.09568676884126658,-0.0076918338873451985,-0.0076918338873451985,-0.0076918338873451985,0.0,0.0,0.0,0.11183571973574559
2025-09-04,0.024005565217371124,0.06664317933386879,0.23560684384705788,0.024005565217371124,0.024005565217371124,0.0935311629979843,0.0935311629979843,0.0935311629979843,0.006665148954758572,0.006665148954758572,0.006665148954758572,-0.004509543111476284,-0.004509543111476284,-0.004509543111476284,0.1277600588411814,0.1277600588411814,0.1277600588411814,0.09568676884126658,0.09568676884126658,0.09568676884126658,0.03207328999991482,0.03207328999991482,0.03207328999991482,0.0,0.0,0.0,0.15176562405855254
2025-09-05,0.024170345653204646,0.07048495123395071,0.2476986226878957,0.024170345653204646,0.024170345653204646,0.0935311629979843,0.0935311629979843,0.0935311629979843,0.006665148954758572,0.006665148954758572,0.006665148954758572,-0.004509543111476284,-0.004509543111476284,-0.004509543111476284,0.13425026146555374,0.13425026146555374,0.13425026146555374,0.09568676884126658,0.09568676884126658,0.09568676884126658,0.03856349262428717,0.03856349262428717,0.03856349262428717,0.0,0.0,0.0,0.15842060711875838
2025-09-06,0.024335126089038168,0.02792575518546436,0.1927297215287513,0.024335126089038168,0.024335126089038168,0.0935311629979843,0.0935311629979843,0.0935311629979843,0.006665148954758572,0.006665148954758572,0.006665148954758572,-0.004509543111476284,-0.004509543111476284,-0.004509543111476284,0.08832645536025631,0.08832645536025631,0.08832645536025631,0.09568676884126658,0.09568676884126658,0.09568676884126658,-0.0073603134810102675,-0.0073603134810102675,-0.0073603134810102675,0.0,0.0,0.0,0.11266158144929447
2025-09-07,0.02449990652487169,0.002263451937600885,0.17629300387789654,0.02449990652487169,0.02449990652487169,0.0935311629979843,0.0935311629979843,0.0935311629979843,0.006665148954758572,0.006665148954758572,0.006665148954758572,-0.004509543111476284,-0.004509543111476284,-0.004509543111476284,0.06401258605898923,0.06401258605898923,0.06401258605898923,0.09568676884126658,0.09568676884126658,0.09568676884126658,-0.031674182782277356,-0.031674182782277356,-0.031674182782277356,0.0,0.0,0.0,0.08851249258386092
2025-09-08,0.024664686962818712,0.009943041210649558,0.17370769480198087,0.024664686962818712,0.024664686962818712,0.0935311629979843,0.0935311629979843,0.0935311629979843,0.006665148954758572,0.006665148954758572,0.006665148954758572,-0.004509543111476284,-0.004509543111476284,-0.004509543111476284,0.07163187509695013,0.07163187509695013,0.07163187509695013,0.09568676884126658,0.09568676884126658,0.09568676884126658,-0.02405489374431646,-0.02405489374431646,-0.02405489374431646,0.0,0.0,0.0,0.09629656205976883
2025-09-09,0.024829467400765734,0.037299845322030976,0.20744631577984804,0.024829467400765734,0.024829467400765734,0.0935311629979843,0.0935311629979843,0.0935311629979843,0.006665148954758572,0.006665148954758572,0.006665148954758572,-0.004509543111476284,-0.004509543111476284,-0.004509543111476284,0.09583121011191369,0.09583121011191369,0.09583121011191369,0.09568676884126658,0.09568676884126658,0.09568676884126658,0.00014444127064710145,0.00014444127064710145,0.00014444127064710145,0.0,0.0,0.0,0.12066067751267942
2025-09-10,0.024994247838712756,0.02831612466533372,0.18981569669605639,0.024994247838712756,0.024994247838712756,0.0935311629979843,0.0935311629979843,0.0935311629979843,0.006665148954758572,0.006665148954758572,0.006665148954758572,-0.004509543111476284,-0.004509543111476284,-0.004509543111476284,0.08799493495393931,0.08799493495393931,0.08799493495393931,0.09568676884126658,0.09568676884126658,0.09568676884126658,-0.0076918338873272615,-0.0076918338873272615,-0.0076918338873272615,0.0,0.0,0.0,0.11298918279265208
2025-09-11,0.025159028275384614,0.06719549753973887,0.23946398627856194,0.025159028275384614,0.025159028275384614,0.0935311629979843,0.0935311629979843,0.0935311629979843,0.006665148954758572,0.006665148954758572,0.006665148954758572,-0.004509543111476284,-0.004509543111476284,-0.004509543111476284,0.12776005884123645,0.12776005884123645,0.12776005884123645,0.09568676884126658,0.09568676884126658,0.09568676884126658,0.03207328999996986,0.03207328999996986,0.03207328999996986,0.0,0.0,0.0,0.15291908711662106
2025-09-12,0.025323808712056473,0.07330945049348479,0.2395993085454558,0.025323808712056473,0.025323808712056473,0.0935311629979843,0.0935311629979843,0.0935311629979843,0.006665148954758572,0.006665148954758572,0.006665148954758572,-0.004509543111476284,-0.004509543111476284,-0.004509543111476284,0.13425026146568034,0.13425026146568034,0.13425026146568034,0.09568676884126658,0.09568676884126658,0.09568676884126658,0.038563492624413755,0.038563492624413755,0.038563492624413755,0.0,0.0,0.0,0.1595740701777368
2025-09-13,0.02548858915034407,0.027595000126318513,0.20162227464716753,0.02548858915034407,0.02548858915034407,0.0935311629979843,0.0935311629979843,0.0935311629979843,0.006665148954758572,0.006665148954758572,0.006665148954758572,-0.004509543111476284,-0.004509543111476284,-0.004509543111476284,0.08832645536016358,0.08832645536016358,0.08832645536016358,0.09568676884126658,0.09568676884126658,0.09568676884126658,-0.007360313481103001,-0.007360313481103001,-0.007360313481103001,0.0,0.0,0.0,0.11381504451050764
2025-09-14,0.025653369588631666,0.006114696901669651,0.17119513423162575,0.025653369588631666,0.025653369588631666,0.0935311629979843,0.0935311629979843,0.0935311629979843,0.006665148954758572,0.006665148954758572,0.006665148954758572,-0.004509543111476284,-0.004509543111476284,-0.004509543111476284,0.06401258605899587,0.06401258605899587,0.06401258605899587,0.09568676884126658,0.09568676884126658,0.09568676884126658,-0.0316741827822707,-0.0316741827822707,-0.0316741827822707,0.0,0.0,0.0,0.08966595564762754
2025-09-15,0.025818150026919263,0.010571947898937287,0.18254813799437222,0.025818150026919263,0.025818150026919263,0.0935311629979843,0.0935311629979843,0.0935311629979843,0.006665148954758572,0.006665148954758572,0.006665148954758572,-0.004509543111476284,-0.004509543111476284,-0.004509543111476284,0.0716318750968663,0.0716318750968663,0.0716318750968663,0.09568676884126658,0.09568676884126658,0.09568676884126658,-0.02405489374440027,-0.02405489374440027,-0.02405489374440027,0.0,0.0,0.0,0.09745002512378556
2025-09-16,0.025982930466544537,0.03767283726467682,0.20173084269257527,0.025982930466544537,0.025982930466544537,0.0935311629979843,0.0935311629979843,0.0935311629979843,0.006665148954758572,0.006665148954758572,0.006665148954758572,-0.004509543111476284,-0.004509543111476284,-0.004509543111476284,0.09583121011191266,0.09583121011191266,0.09583121011191266,0.09568676884126658,0.09568676884126658,0.09568676884126658,0.00014444127064607362,0.00014444127064607362,0.00014444127064607362,0.0,0.0,0.0,0.1218141405784572
2025-09-17,0.02614771090616981,0.02960273767097854,0.20727783677828843,0.02614771090616981,0.02614771090616981,0.0935311629979843,0.0935311629979843,0.0935311629979843,0.006665148954758572,0.006665148954758572,0.006665148954758572,-0.004509543111476284,-0.004509543111476284,-0.004509543111476284,0.08799493495393355,0.08799493495393355,0.08799493495393355,0.09568676884126658,0.09568676884126658,0.09568676884126658,-0.007691833887333025,-0.007691833887333025,-0.007691833887333025,0.0,0.0,0.0,0.11414264586010336
2025-09-18,0.02631249134579508,0.06810778536748634,0.23873669141377654,0.02631249134579508,0.02631249134579508,0.0935311629979843,0.0935311629979843,0.0935311629979843,0.006665148954758572,0.006665148954758572,0.006665148954758572,-0.004509543111476284,-0.004509543111476284,-0.004509543111476284,0.12776005884125302,0.12776005884125302,0.12776005884125302,0.09568676884126658,0.09568676884126658,0.09568676884126658,0.03207328999998643,0.03207328999998643,0.03207328999998643,0.0,0.0,0.0,0.1540725501870481
2025-09-19,0.026477271785590104,0.07683015358163857,0.24540465067754014,0.026477271785590104,0.026477271785590104,0.0935311629979843,0.0935311629979843,0.0935311629979843,0.006665148954758572,0.006665148954758572,0.006665148954758572,-0.004509543111476284,-0.004509543111476284,-0.004509543111476284,0.13425026146562943,0.13425026146562943,0.13425026146562943,0.09568676884126658,0.09568676884126658,0.09568676884126658,0.03856349262436285,0.03856349262436285,0.03856349262436285,0.0,0.0,0.0,0.16072753325121952
2025-09-20,0.02664205222538513,0.03225670778746188,0.2000101444165876,0.02664205222538513,0.02664205222538513,0.0935311629979843,0.0935311629979843,0.0935311629979843,0.006665148954758572,0.006665148954758572,0.006665148954758572,-0.004509543111476284,-0.004509543111476284,-0.004509543111476284,0.08832645536037324,0.08832645536037324,0.08832645536037324,0.09568676884126658,0.09568676884126658,0.09568676884126658,-0.0073603134808933384,-0.0073603134808933384,-0.0073603134808933384,0.0,0.0,0.0,0.11496850758575837
2025-09-21,0.026806832665180153,0.003352173452913053,0.18236433873002814,0.026806832665180153,0.026806832665180153,0.0935311629979843,0.0935311629979843,0.0935311629979843,0.006665148954758572,0.006665148954758572,0.006665148954758572,-0.004509543111476284,-0.004509543111476284,-0.004509543111476284,0.06401258605900254,0.06401258605900254,0.06401258605900254,0.09568676884126658,0.09568676884126658,0.09568676884126658,-0.03167418278226405,-0.03167418278226405,-0.03167418278226405,0.0,0.0,0.0,0.09081941872418269
2025-09-22,0.02697161310543577,0.01582721715119087,0.17411431507411043,0.02697161310543577,0.02697161310543577,0.0935311629979843,0.0935311629979843,0.0935311629979843,0.006665148954758572,0.006665148954758572,0.006665148954758572,-0.004509543111476284,-0.004509543111476284,-0.004509543111476284,0.0716318750968965,0.0716318750968965,0.0716318750968965,0.09568676884126658,0.09568676884126658,0.09568676884126658,-0.024054893744370073,-0.024054893744370073,-0.024054893744370073,0.0,0.0,0.0,0.09860348820233228
2025-09-23,0.02713639354569139,0.03296384522870213,0.20129992470579572,0.02713639354569139,0.02713639354569139,0.0935311629979843,0.0935311629979843,0.0935311629979843,0.006665148954758572,0.006665148954758572,0.006665148954758572,-0.004509543111476284,-0.004509543111476284,-0.004509543111476284,0.09583121011191585,0.09583121011191585,0.09583121011191585,0.09568676884126658,0.09568676884126658,0.09568676884126658,0.00014444127064926898,0.00014444127064926898,0.00014444127064926898,0.0,0.0,0.0,0.12296760365760724
2025-09-24,0.02730117398594701,0.03155299534845546,0.2047428957429374,0.02730117398594701,0.02730117398594701,0.0935311629979843,0.0935311629979843,0.0935311629979843,0.006665148954758572,0.006665148954758572,0.006665148954758572,-0.004509543111476284,-0.004509543111476284,-0.004509543111476284,0.0879949349539752,0.0879949349539752,0.0879949349539752,0.09568676884126658,0.09568676884126658,0.09568676884126658,-0.0076918338872913865,-0.0076918338872913865,-0.0076918338872913865,0.0,0.0,0.0,0.1152961089399222
2025-09-25,0.027465954427186287,0.0710537984426374,0.23682296936868702,0.027465954427186287,0.027465954427186287,0.0935311629979843,0.0935311629979843,0.0935311629979843,0.006665148954758572,0.006665148954758572,0.006665148954758572,-0.004509543111476284,-0.004509543111476284,-0.004509543111476284,0.12776005884126956,0.12776005884126956,0.12776005884126956,0.09568676884126658,0.09568676884126658,0.09568676884126658,0.03207329000000299,0.03207329000000299,0.03207329000000299,0.0,0.0,0.0,0.15522601326845586
2025-09-26,0.027630734868425568,0.08096148767657317,0.2481889202328842,0.027630734868425568,0.027630734868425568,0.0935311629979843,0.0935311629979843,0.0935311629979843,0.006665148954758572,0.006665148954758572,0.006665148954758572,-0.004509543111476284,-0.004509543111476284,-0.004509543111476284,0.13425026146566982,0.13425026146566982,0.13425026146566982,0.09568676884126658,0.09568676884126658,0.09568676884126658,0.03856349262440323,0.03856349262440323,0.03856349262440323,0.0,0.0,0.0,0.1618809963340954
2025-09-27,0.02779551530966485,0.029117429458659597,0.20380315358951095,0.02779551530966485,0.02779551530966485,0.0935311629979843,0.0935311629979843,0.0935311629979843,0.006665148954758572,0.006665148954758572,0.006665148954758572,-0.004509543111476284,-0.004509543111476284,-0.004509543111476284,0.08832645536032427,0.08832645536032427,0.08832645536032427,0.09568676884126658,0.09568676884126658,0.09568676884126658,-0.007360313480942315,-0.007360313480942315,-0.007360313480942315,0.0,0.0,0.0,0.11612197066998911
2025-09-28,0.027960295750072996,0.005242321160158223,0.1772117243014941,0.027960295750072996,0.027960295750072996,0.0935311629979843,0.0935311629979843,0.0935311629979843,0.006665148954758572,0.006665148954758572,0.006665148954758572,-0.004509543111476284,-0.004509543111476284,-0.004509543111476284,0.06401258605897599,0.06401258605897599,0.06401258605897599,0.09568676884126658,0.09568676884126658,0.09568676884126658,-0.031674182782290596,-0.031674182782290596,-0.031674182782290596,0.0,0.0,0.0,0.09197288180904899
2025-09-29,0.028125076190481147,0.009063845169318232,0.17914268145964793,0.028125076190481147,0.028125076190481147,0.0935311629979843,0.0935311629979843,0.0935311629979843,0.006665148954758572,0.006665148954758572,0.006665148954758572,-0.004509543111476284,-0.004509543111476284,-0.004509543111476284,0.07163187509689455,0.07163187509689455,0.07163187509689455,0.09568676884126658,0.09568676884126658,0.09568676884126658,-0.02405489374437203,-0.02405489374437203,-0.02405489374437203,0.0,0.0,0.0,0.09975695128737569
2025-09-30,0.028289856630889298,0.03847477947133255,0.21552007836208767,0.028289856630889298,0.028289856630889298,0.0935311629979843,0.0935311629979843,0.0935311629979843,0.006665148954758572,0.006665148954758572,0.006665148954758572,-0.004509543111476284,-0.004509543111476284,-0.004509543111476284,0.09583121011191904,0.09583121011191904,0.09583121011191904,0.09568676884126658,0.09568676884126658,0.09568676884126658,0.00014444127065246695,0.00014444127065246695,0.00014444127065246695,0.0,0.0,0.0,0.12412106674280834
2025-10-01,0.028454637070692297,0.030514127804817364,0.20310177743605626,0.028454637070692297,0.028454637070692297,0.0935311629979843,0.0935311629979843,0.0935311629979843,0.006665148954758572,0.006665148954758572,0.006665148954758572,-0.004509543111476284,-0.004509543111476284,-0.004509543111476284,0.08799493495390036,0.08799493495390036,0.08799493495390036,0.09568676884126658,0.09568676884126658,0.09568676884126658,-0.007691833887366229,-0.007691833887366229,-0.007691833887366229,0.0,0.0,0.0,0.11644957202459266
2025-10-02,0.0286194175104953,0.08010095933228958,0.2386627886507775,0.0286194175104953,0.0286194175104953,0.0935311629979843,0.0935311629979843,0.0935311629979843,0.006665148954758572,0.006665148954758572,0.006665148954758572,-0.004509543111476284,-0.004509543111476284,-0.004509543111476284,0.12776005884128613,0.12776005884128613,0.12776005884128613,0.09568676884126658,0.09568676884126658,0.09568676884126658,0.032073290000019544,0.032073290000019544,0.032073290000019544,0.0,0.0,0.0,0.15637947635178143
2025-10-03,0.0287841979502983,0.07668326428825427,0.25014502919455744,0.0287841979502983,0.0287841979502983,0.0935311629979843,0.0935311629979843,0.0935311629979843,0.006665148954758572,0.006665148954758572,0.006665148954758572,-0.004509543111476284,-0.004509543111476284,-0.004509543111476284,0.1342502614656189,0.1342502614656189,0.1342502614656189,0.09568676884126658,0.09568676884126658,0.09568676884126658,0.03856349262435231,0.03856349262435231,0.03856349262435231,0.0,0.0,0.0,0.16303445941591718
2025-10-04,0.02894897839136427,0.0319806311013835,0.19792586739360066,0.02894897839136427,0.02894897839136427,0.0935311629979843,0.0935311629979843,0.0935311629979843,0.006665148954758572,0.006665148954758572,0.006665148954758572,-0.004509543111476284,-0.004509543111476284,-0.004509543111476284,0.08832645536031904,0.08832645536031904,0.08832645536031904,0.09568676884126658,0.09568676884126658,0.09568676884126658,-0.007360313480947539,-0.007360313480947539,-0.007360313480947539,0.0,0.0,0.0,0.11727543375168331
2025-10-05,0.02911375883243024,0.01334079461295793,0.1817927671307632,0.02911375883243024,0.02911375883243024,0.0935311629979843,0.0935311629979843,0.0935311629979843,0.006665148954758572,0.006665148954758572,0.006665148954758572,-0.004509543111476284,-0.004509543111476284,-0.004509543111476284,0.06401258605901584,0.06401258605901584,0.06401258605901584,0.09568676884126658,0.09568676884126658,0.09568676884126658,-0.03167418278225074,-0.03167418278225074,-0.03167418278225074,0.0,0.0,0.0,0.09312634489144608
2025-10-06,0.02927853927349621,0.01665282444475682,0.1829702792430873,0.02927853927349621,0.02927853927349621,0.0935311629979843,0.0935311629979843,0.0935311629979843,0.006665148954758572,0.006665148954758572,0.006665148954758572,-0.004509543111476284,-0.004509543111476284,-0.004509543111476284,0.07163187509681074,0.07163187509681074,0.07163187509681074,0.09568676884126658,0.09568676884126658,0.09568676884126658,-0.024054893744455845,-0.024054893744455845,-0.024054893744455845,0.0,0.0,0.0,0.10091041437030696
2025-10-07,0.02944331971386837,0.03995793308379463,0.22115506707440524,0.02944331971386837,0.02944331971386837,0.0935311629979843,0.0935311629979843,0.0935311629979843,0.006665148954758572,0.006665148954758572,0.006665148954758572,-0.004509543111476284,-0.004509543111476284,-0.004509543111476284,0.0958312101119138,0.0958312101119138,0.0958312101119138,0.09568676884126658,0.09568676884126658,0.09568676884126658,0.00014444127064721073,0.00014444127064721073,0.00014444127064721073,0.0,0.0,0.0,0.12527452982578216
2025-10-08,0.02960810015424053,0.033265508656516986,0.2023113122562744,0.02960810015424053,0.02960810015424053,0.0935311629979843,0.0935311629979843,0.0935311629979843,0.006665148954758572,0.006665148954758572,0.006665148954758572,-0.004509543111476284,-0.004509543111476284,-0.004509543111476284,0.08799493495391829,0.08799493495391829,0.08799493495391829,0.09568676884126658,0.09568676884126658,0.09568676884126658,-0.007691833887348287,-0.007691833887348287,-0.007691833887348287,0.0,0.0,0.0,0.11760303510815881
2025-10-09,0.029772880594612687,0.06815150693786376,0.24557936855417922,0.029772880594612687,0.029772880594612687,0.0935311629979843,0.0935311629979843,0.0935311629979843,0.006665148954758572,0.006665148954758572,0.006665148954758572,-0.004509543111476284,-0.004509543111476284,-0.004509543111476284,0.12776005884116323,0.12776005884116323,0.12776005884116323,0.09568676884126658,0.09568676884126658,0.09568676884126658,0.032073289999896656,0.032073289999896656,0.032073289999896656,0.0,0.0,0.0,0.15753293943577593
2025-10-10,0.029937661036933096,0.07153549968276665,0.25577818015310694,0.029937661036933096,0.029937661036933096,0.0935311629979843,0.0935311629979843,0.0935311629979843,0.006665148954758572,0.006665148954758572,0.006665148954758572,-0.004509543111476284,-0.004509543111476284,-0.004509543111476284,0.13425026146561364,0.13425026146561364,0.13425026146561364,0.09568676884126658,0.09568676884126658,0.09568676884126658,0.038563492624347044,0.038563492624347044,0.038563492624347044,0.0,0.0,0.0,0.16418792250254674
2025-10-11,0.030102441479253506,0.039059196954876155,0.19946368760058358,0.030102441479253506,0.030102441479253506,0.0935311629979843,0.0935311629979843,0.0935311629979843,0.006665148954758572,0.006665148954758572,0.006665148954758572,-0.004509543111476284,-0.004509543111476284,-0.004509543111476284,0.08832645536031382,0.08832645536031382,0.08832645536031382,0.09568676884126658,0.09568676884126658,0.09568676884126658,-0.007360313480952761,-0.007360313480952761,-0.007360313480952761,0.0,0.0,0.0,0.11842889683956732
2025-10-12,0.03026722192157391,0.010522921414691022,0.18311997766301816,0.03026722192157391,0.03026722192157391,0.0935311629979843,0.0935311629979843,0.0935311629979843,0.006665148954758572,0.006665148954758572,0.006665148954758572,-0.004509543111476284,-0.004509543111476284,-0.004509543111476284,0.06401258605899428,0.06401258605899428,0.06401258605899428,0.09568676884126658,0.09568676884126658,0.09568676884126658,-0.031674182782272305,-0.031674182782272305,-0.031674182782272305,0.0,0.0,0.0,0.09427980798056819
2025-10-13,0.030432002365131692,0.014119236903976281,0.18039409715531254,0.030432002365131692,0.030432002365131692,0.0935311629979843,0.0935311629979843,0.0935311629979843,0.006665148954758572,0.006665148954758572,0.006665148954758572,-0.004509543111476284,-0.004509543111476284,-0.004509543111476284,0.07163187509682485,0.07163187509682485,0.07163187509682485,0.09568676884126658,0.09568676884126658,0.09568676884126658,-0.024054893744441728,-0.024054893744441728,-0.024054893744441728,0.0,0.0,0.0,0.10206387746195654
2025-10-14,0.03059678280868947,0.03941918683377458,0.2066729215730735,0.03059678280868947,0.03059678280868947,0.0935311629979843,0.0935311629979843,0.0935311629979843,0.006665148954758572,0.006665148954758572,0.006665148954758572,-0.004509543111476284,-0.004509543111476284,-0.004509543111476284,0.09583121011191699,0.09583121011191699,0.09583121011191699,0.09568676884126658,0.09568676884126658,0.09568676884126658,0.00014444127065040956,0.00014444127065040956,0.00014444127065040956,0.0,0.0,0.0,0.12642799292060647
2025-10-15,0.03076156325224725,0.03416174805497066,0.2110987308310792,0.03076156325224725,0.03076156325224725,0.0935311629979843,0.0935311629979843,0.0935311629979843,0.006665148954758572,0.006665148954758572,0.006665148954758572,-0.004509543111476284,-0.004509543111476284,-0.004509543111476284,0.08799493495391253,0.08799493495391253,0.08799493495391253,0.09568676884126658,0.09568676884126658,0.09568676884126658,-0.0076918338873540465,-0.0076918338873540465,-0.0076918338873540465,0.0,0.0,0.0,0.11875649820615977
2025-10-16,0.03092634370038918,0.07122063895598214,0.2427293150298658,0.03092634370038918,0.03092634370038918,0.0935311629979843,0.0935311629979843,0.0935311629979843,0.006665148954758572,0.006665148954758572,0.006665148954758572,-0.004509543111476284,-0.004509543111476284,-0.004509543111476284,0.1277600588411798,0.1277600588411798,0.1277600588411798,0.09568676884126658,0.09568676884126658,0.09568676884126658,0.03207328999991322,0.03207328999991322,0.03207328999991322,0.0,0.0,0.0,0.158686402541569
2025-10-17,0.03109112414853111,0.07933455275126836,0.2519051213448673,0.03109112414853111,0.03109112414853111,0.0935311629979843,0.0935311629979843,0.0935311629979843,0.006665148954758572,0.006665148954758572,0.006665148954758572,-0.004509543111476284,-0.004509543111476284,-0.004509543111476284,0.13425026146569458,0.13425026146569458,0.13425026146569458,0.09568676884126658,0.09568676884126658,0.09568676884126658,0.038563492624428,0.038563492624428,0.038563492624428,0.0,0.0,0.0,0.16534138561422568
2025-10-18,0.03125590459532792,0.03308218376367152,0.20053249285983016,0.03125590459532792,0.03125590459532792,0.0935311629979843,0.0935311629979843,0.0935311629979843,0.006665148954758572,0.006665148954758572,0.006665148954758572,-0.004509543111476284,-0.004509543111476284,-0.004509543111476284,0.08832645536022109,0.08832645536022109,0.08832645536022109,0.09568676884126658,0.09568676884126658,0.09568676884126658,-0.007360313481045494,-0.007360313481045494,-0.007360313481045494,0.0,0.0,0.0,0.119582359955549
2025-10-19,0.031420685042124724,0.005870833372671208,0.17638588147538084,0.031420685042124724,0.031420685042124724,0.0935311629979843,0.0935311629979843,0.0935311629979843,0.006665148954758572,0.006665148954758572,0.006665148954758572,-0.004509543111476284,-0.004509543111476284,-0.004509543111476284,0.06401258605900093,0.06401258605900093,0.06401258605900093,0.09568676884126658,0.09568676884126658,0.09568676884126658,-0.03167418278226566,-0.03167418278226566,-0.03167418278226566,0.0,0.0,0.0,0.09543327110112565
2025-10-20,0.03158546548892154,0.012991091479312425,0.19051168428224763,0.03158546548892154,0.03158546548892154,0.0935311629979843,0.0935311629979843,0.0935311629979843,0.006665148954758572,0.006665148954758572,0.006665148954758572,-0.004509543111476284,-0.004509543111476284,-0.004509543111476284,0.07163187509685506,0.07163187509685506,0.07163187509685506,0.09568676884126658,0.09568676884126658,0.09568676884126658,-0.024054893744411523,-0.024054893744411523,-0.024054893744411523,0.0,0.0,0.0,0.10321734058577661
2025-10-21,0.03175024593628695,0.04680369479862517,0.20976859021967523,0.03175024593628695,0.03175024593628695,0.0935311629979843,0.0935311629979843,0.0935311629979843,0.006665148954758572,0.006665148954758572,0.006665148954758572,-0.004509543111476284,-0.004509543111476284,-0.004509543111476284,0.09583121011191596,0.09583121011191596,0.09583121011191596,0.09568676884126658,0.09568676884126658,0.09568676884126658,0.00014444127064937914,0.00014444127064937914,0.00014444127064937914,0.0,0.0,0.0,0.12758145604820292
2025-10-22,0.031915026383652345,0.03575676633169803,0.20285126821300936,0.031915026383652345,0.031915026383652345,0.0935311629979843,0.0935311629979843,0.0935311629979843,0.006665148954758572,0.006665148954758572,0.006665148954758572,-0.004509543111476284,-0.004509543111476284,-0.004509543111476284,0.08799493495390677,0.08799493495390677,0.08799493495390677,0.09568676884126658,0.09568676884126658,0.09568676884126658,-0.0076918338873598075,-0.0076918338873598075,-0.0076918338873598075,0.0,0.0,0.0,0.11990996133755912
2025-10-23,0.03207980683101774,0.08163581959564731,0.2434551769101474,0.03207980683101774,0.03207980683101774,0.0935311629979843,0.0935311629979843,0.0935311629979843,0.006665148954758572,0.006665148954758572,0.006665148954758572,-0.004509543111476284,-0.004509543111476284,-0.004509543111476284,0.12776005884123484,0.12776005884123484,0.12776005884123484,0.09568676884126658,0.09568676884126658,0.09568676884126658,0.03207328999996826,0.03207328999996826,0.03207328999996826,0.0,0.0,0.0,0.15983986567225258
2025-10-24,0.03224458728021448,0.07962026884061818,0.2638837193929727,0.03224458728021448,0.03224458728021448,0.0935311629979843,0.0935311629979843,0.0935311629979843,0.006665148954758572,0.006665148954758572,0.006665148954758572,-0.004509543111476284,-0.004509543111476284,-0.004509543111476284,0.1342502614656893,0.1342502614656893,0.1342502614656893,0.09568676884126658,0.09568676884126658,0.09568676884126658,0.03856349262442274,0.03856349262442274,0.03856349262442274,0.0,0.0,0.0,0.16649484874590378
2025-10-25,0.03240936772941123,0.03212505195999421,0.20008198978273647,0.03240936772941123,0.03240936772941123,0.0935311629979843,0.0935311629979843,0.0935311629979843,0.006665148954758572,0.006665148954758572,0.006665148954758572,-0.004509543111476284,-0.004509543111476284,-0.004509543111476284,0.08832645536021587,0.08832645536021587,0.08832645536021587,0.09568676884126658,0.09568676884126658,0.09568676884126658,-0.007360313481050717,-0.007360313481050717,-0.007360313481050717,0.0,0.0,0.0,0.1207358230896271
2025-10-26,0.032574148178607966,0.006556699667567365,0.1810557389146434,0.032574148178607966,0.032574148178607966,0.0935311629979843,0.0935311629979843,0.0935311629979843,0.006665148954758572,0.006665148954758572,0.006665148954758572,-0.004509543111476284,-0.004509543111476284,-0.004509543111476284,0.06401258605900759,0.06401258605900759,0.06401258605900759,0.09568676884126658,0.09568676884126658,0.09568676884126658,-0.03167418278225899,-0.03167418278225899,-0.03167418278225899,0.0,0.0,0.0,0.09658673423761555
2025-10-27,0.03273892862801916,0.01776174646770213,0.19392813286079447,0.03273892862801916,0.03273892862801916,0.0935311629979843,0.0935311629979843,0.0935311629979843,0.006665148954758572,0.006665148954758572,0.006665148954758572,-0.004509543111476284,-0.004509543111476284,-0.004509543111476284,0.07163187509686918,0.07163187509686918,0.07163187509686918,0.09568676884126658,0.09568676884126658,0.09568676884126658,-0.0240548937443974,-0.0240548937443974,-0.0240548937443974,0.0,0.0,0.0,0.10437080372488833
2025-10-28,0.03290370907743035,0.043734600535987836,0.21384620708611662,0.03290370907743035,0.03290370907743035,0.0935311629979843,0.0935311629979843,0.0935311629979843,0.006665148954758572,0.006665148954758572,0.006665148954758572,-0.004509543111476284,-0.004509543111476284,-0.004509543111476284,0.0958312101119153,0.0958312101119153,0.0958312101119153,0.09568676884126658,0.09568676884126658,0.09568676884126658,0.00014444127064871908,0.00014444127064871908,0.00014444127064871908,0.0,0.0,0.0,0.12873491918934565
2025-10-29,0.03306848952684155,0.037096887001132076,0.2115094812809881,0.03306848952684155,0.03306848952684155,0.0935311629979843,0.0935311629979843,0.0935311629979843,0.006665148954758572,0.006665148954758572,0.006665148954758572,-0.004509543111476284,-0.004509543111476284,-0.004509543111476284,0.0879949349539484,0.0879949349539484,0.0879949349539484,0.09568676884126658,0.09568676884126658,0.09568676884126658,-0.007691833887318173,-0.007691833887318173,-0.007691833887318173,0.0,0.0,0.0,0.12106342448078995
2025-10-30,0.033233269980124824,0.07899902917378095,0.24604383462894697,0.033233269980124824,0.033233269980124824,0.0935311629979843,0.0935311629979843,0.0935311629979843,0.006665148954758572,0.006665148954758572,0.006665148954758572,-0.004509543111476284,-0.004509543111476284,-0.004509543111476284,0.12776005884121294,0.12776005884121294,0.12776005884121294,0.09568676884126658,0.09568676884126658,0.09568676884126658,0.032073289999946346,0.032073289999946346,0.032073289999946346,0.0,0.0,0.0,0.16099332882133777
2025-10-31,0.03339805043340811,0.08168463381767745,0.25117126507310555,0.03339805043340811,0.03339805043340811,0.0935311629979843,0.0935311629979843,0.0935311629979843,0.006665148954758572,0.006665148954758572,0.006665148954758572,-0.004509543111476284,-0.004509543111476284,-0.004509543111476284,0.13425026146563843,0.13425026146563843,0.13425026146563843,0.09568676884126658,0.09568676884126658,0.09568676884126658,0.03856349262437184,0.03856349262437184,0.03856349262437184,0.0,0.0,0.0,0.16764831189904653
2025-11-01,0.03356283088669139,0.03650766776944933,0.2050465906279156,0.03356283088669139,0.03356283088669139,0.0935311629979843,0.0935311629979843,0.0935311629979843,0.006665148954758572,0.006665148954758572,0.006665148954758572,-0.004509543111476284,-0.004509543111476284,-0.004509543111476284,0.08832645536016688,0.08832645536016688,0.08832645536016688,0.09568676884126658,0.09568676884126658,0.09568676884126658,-0.007360313481099697,-0.007360313481099697,-0.007360313481099697,0.0,0.0,0.0,0.12188928624685827
2025-11-02,0.03372761134314803,0.012982464546468247,0.1801739966331374,0.03372761134314803,0.03372761134314803,0.0935311629979843,0.0935311629979843,0.0935311629979843,0.006665148954758572,0.006665148954758572,0.006665148954758572,-0.004509543111476284,-0.004509543111476284,-0.004509543111476284,0.06401258605901922,0.06401258605901922,0.06401258605901922,0.09568676884126658,0.09568676884126658,0.09568676884126658,-0.03167418278224736,-0.03167418278224736,-0.03167418278224736,0.0,0.0,0.0,0.09774019740216724
2025-11-03,0.03389239179960467,0.01821373526415632,0.19129000911165195,0.03389239179960467,0.03389239179960467,0.0935311629979843,0.0935311629979843,0.0935311629979843,0.006665148954758572,0.006665148954758572,0.006665148954758572,-0.004509543111476284,-0.004509543111476284,-0.004509543111476284,0.07163187509689939,0.07163187509689939,0.07163187509689939,0.09568676884126658,0.09568676884126658,0.09568676884126658,-0.024054893744367194,-0.024054893744367194,-0.024054893744367194,0.0,0.0,0.0,0.10552426689650406
2025-11-04,0.0340571722560613,0.04530801659174739,0.21045618352932374,0.0340571722560613,0.0340571722560613,0.0935311629979843,0.0935311629979843,0.0935311629979843,0.006665148954758572,0.006665148954758572,0.006665148954758572,-0.004509543111476284,-0.004509543111476284,-0.004509543111476284,0.09583121011191427,0.09583121011191427,0.09583121011191427,0.09568676884126658,0.09568676884126658,0.09568676884126658,0.00014444127064769212,0.00014444127064769212,0.00014444127064769212,0.0,0.0,0.0,0.12988838236797556
2025-11-05,0.034221952710984396,0.040158511279967425,0.21658302446576322,0.034221952710984396,0.034221952710984396,0.0935311629979843,0.0935311629979843,0.0935311629979843,0.006665148954758572,0.006665148954758572,0.006665148954758572,-0.004509543111476284,-0.004509543111476284,-0.004509543111476284,0.08799493495394264,0.08799493495394264,0.08799493495394264,0.09568676884126658,0.09568676884126658,0.09568676884126658,-0.0076918338873239326,-0.0076918338873239326,-0.0076918338873239326,0.0,0.0,0.0,0.12221688766492704
2025-11-06,0.03438673316590749,0.07377768233077073,0.24421549936191597,0.03438673316590749,0.03438673316590749,0.0935311629979843,0.0935311629979843,0.0935311629979843,0.006665148954758572,0.006665148954758572,0.006665148954758572,-0.004509543111476284,-0.004509543111476284,-0.004509543111476284,0.12776005884126795,0.12776005884126795,0.12776005884126795,0.09568676884126658,0.09568676884126658,0.09568676884126658,0.032073290000001385,0.032073290000001385,0.032073290000001385,0.0,0.0,0.0,0.16214679200717544
2025-11-07,0.03455151362083059,0.07375493534042557,0.2599375201114919,0.03455151362083059,0.03455151362083059,0.0935311629979843,0.0935311629979843,0.0935311629979843,0.006665148954758572,0.006665148954758572,0.006665148954758572,-0.004509543111476284,-0.004509543111476284,-0.004509543111476284,0.13425026146563315,0.13425026146563315,0.13425026146563315,0.09568676884126658,0.09568676884126658,0.09568676884126658,0.03856349262436656,0.03856349262436656,0.03856349262436656,0.0,0.0,0.0,0.16880177508646374
2025-11-08,0.03471629407575369,0.04115702546856911,0.208041634241855,0.03471629407575369,0.03471629407575369,0.0935311629979843,0.0935311629979843,0.0935311629979843,0.006665148954758572,0.006665148954758572,0.006665148954758572,-0.004509543111476284,-0.004509543111476284,-0.004509543111476284,0.08832645536033279,0.08832645536033279,0.08832645536033279,0.09568676884126658,0.09568676884126658,0.09568676884126658,-0.007360313480933787,-0.007360313480933787,-0.007360313480933787,0.0,0.0,0.0,0.12304274943608648
2025-11-09,0.03488107453067678,0.015338541513829016,0.18691409639007597,0.03488107453067678,0.03488107453067678,0.0935311629979843,0.0935311629979843,0.0935311629979843,0.006665148954758572,0.006665148954758572,0.006665148954758572,-0.004509543111476284,-0.004509543111476284,-0.004509543111476284,0.06401258605902588,0.06401258605902588,0.06401258605902588,0.09568676884126658,0.09568676884126658,0.09568676884126658,-0.03167418278224071,-0.03167418278224071,-0.03167418278224071,0.0,0.0,0.0,0.09889366058970266
2025-11-10,0.03504585498559988,0.013954443435688465,0.18870724222646482,0.03504585498559988,0.03504585498559988,0.0935311629979843,0.0935311629979843,0.0935311629979843,0.006665148954758572,0.006665148954758572,0.006665148954758572,-0.004509543111476284,-0.004509543111476284,-0.004509543111476284,0.07163187509689742,0.07163187509689742,0.07163187509689742,0.09568676884126658,0.09568676884126658,0.09568676884126658,-0.024054893744369154,-0.024054893744369154,-0.024054893744369154,0.0,0.0,0.0,0.1066777300824973
2025-11-11,0.03521063544052297,0.04455738188992484,0.21662134015317702,0.03521063544052297,0.03521063544052297,0.0935311629979843,0.0935311629979843,0.0935311629979843,0.006665148954758572,0.006665148954758572,0.006665148954758572,-0.004509543111476284,-0.004509543111476284,-0.004509543111476284,0.09583121011191748,0.09583121011191748,0.09583121011191748,0.09568676884126658,0.09568676884126658,0.09568676884126658,0.00014444127065088835,0.00014444127065088835,0.00014444127065088835,0.0,0.0,0.0,0.13104184555244044
2025-11-12,0.03537541589544607,0.03372082569554568,0.211183883049337,0.03537541589544607,0.03537541589544607,0.0935311629979843,0.0935311629979843,0.0935311629979843,0.006665148954758572,0.006665148954758572,0.006665148954758572,-0.004509543111476284,-0.004509543111476284,-0.004509543111476284,0.08799493495391521,0.08799493495391521,0.08799493495391521,0.09568676884126658,0.09568676884126658,0.09568676884126658,-0.007691833887351378,-0.007691833887351378,-0.007691833887351378,0.0,0.0,0.0,0.12337035084936128
2025-11-13,0.03554019635036916,0.07669139434336095,0.24719058938775815,0.03554019635036916,0.03554019635036916,0.0935311629979843,0.0935311629979843,0.0935311629979843,0.006665148954758572,0.006665148954758572,0.006665148954758572,-0.004509543111476284,-0.004509543111476284,-0.004509543111476284,0.12776005884114508,0.12776005884114508,0.12776005884114508,0.09568676884126658,0.09568676884126658,0.09568676884126658,0.0320732899998785,0.0320732899998785,0.0320732899998785,0.0,0.0,0.0,0.16330025519151425
2025-11-14,0.03570497680529226,0.08500977683427026,0.25483282896233894,0.03570497680529226,0.03570497680529226,0.0935311629979843,0.0935311629979843,0.0935311629979843,0.006665148954758572,0.006665148954758572,0.006665148954758572,-0.004509543111476284,-0.004509543111476284,-0.004509543111476284,0.13425026146558225,0.13425026146558225,0.13425026146558225,0.09568676884126658,0.09568676884126658,0.09568676884126658,0.03856349262431567,0.03856349262431567,0.03856349262431567,0.0,0.0,0.0,0.1699552382708745
2025-11-15,0.03586975726021535,0.03565321820651742,0.20941144610167545,0.03586975726021535,0.03586975726021535,0.0935311629979843,0.0935311629979843,0.0935311629979843,0.006665148954758572,0.006665148954758572,0.006665148954758572,-0.004509543111476284,-0.004509543111476284,-0.004509543111476284,0.08832645536028381,0.08832645536028381,0.08832645536028381,0.09568676884126658,0.09568676884126658,0.09568676884126658,-0.007360313480982764,-0.007360313480982764,-0.007360313480982764,0.0,0.0,0.0,0.12419621262049917
2025-11-16,0.036034537715138454,0.01783963935559486,0.18621258750274725,0.036034537715138454,0.036034537715138454,0.0935311629979843,0.0935311629979843,0.0935311629979843,0.006665148954758572,0.006665148954758572,0.006665148954758572,-0.004509543111476284,-0.004509543111476284,-0.004509543111476284,0.06401258605903254,0.06401258605903254,0.06401258605903254,0.09568676884126658,0.09568676884126658,0.09568676884126658,-0.031674182782234044,-0.031674182782234044,-0.031674182782234044,0.0,0.0,0.0,0.10004712377417099
2025-11-17,0.03619931817006155,0.01865589573048525,0.18648967879291795,0.03619931817006155,0.03619931817006155,0.0935311629979843,0.0935311629979843,0.0935311629979843,0.006665148954758572,0.006665148954758572,0.006665148954758572,-0.004509543111476284,-0.004509543111476284,-0.004509543111476284,0.07163187509692762,0.07163187509692762,0.07163187509692762,0.09568676884126658,0.09568676884126658,0.09568676884126658,-0.02405489374433896,-0.02405489374433896,-0.02405489374433896,0.0,0.0,0.0,0.10783119326698917
2025-11-18,0.036364098624984645,0.05278095170906955,0.21537687422937526,0.036364098624984645,0.036364098624984645,0.0935311629979843,0.0935311629979843,0.0935311629979843,0.006665148954758572,0.006665148954758572,0.006665148954758572,-0.004509543111476284,-0.004509543111476284,-0.004509543111476284,0.09583121011191645,0.09583121011191645,0.09583121011191645,0.09568676884126658,0.09568676884126658,0.09568676884126658,0.00014444127064985966,0.00014444127064985966,0.00014444127064985966,0.0,0.0,0.0,0.1321953087369011
2025-11-19,0.03652887907990774,0.03557973614532113,0.2095698532360862,0.03652887907990774,0.03652887907990774,0.0935311629979843,0.0935311629979843,0.0935311629979843,0.006665148954758572,0.006665148954758572,0.006665148954758572,-0.004509543111476284,-0.004509543111476284,-0.004509543111476284,0.08799493495390945,0.08799493495390945,0.08799493495390945,0.09568676884126658,0.09568676884126658,0.09568676884126658,-0.007691833887357139,-0.007691833887357139,-0.007691833887357139,0.0,0.0,0.0,0.12452381403381718
2025-11-20,0.036693659534830836,0.07473612882862529,0.25261528847695935,0.036693659534830836,0.036693659534830836,0.0935311629979843,0.0935311629979843,0.0935311629979843,0.006665148954758572,0.006665148954758572,0.006665148954758572,-0.004509543111476284,-0.004509543111476284,-0.004509543111476284,0.12776005884116165,0.12776005884116165,0.12776005884116165,0.09568676884126658,0.09568676884126658,0.09568676884126658,0.032073289999895054,0.032073289999895054,0.032073289999895054,0.0,0.0,0.0,0.16445371837599249
2025-11-21,0.03685843998975393,0.09015394427816022,0.25363255083084063,0.03685843998975393,0.03685843998975393,0.0935311629979843,0.0935311629979843,0.0935311629979843,0.006665148954758572,0.006665148954758572,0.006665148954758572,-0.004509543111476284,-0.004509543111476284,-0.004509543111476284,0.13425026146562263,0.13425026146562263,0.13425026146562263,0.09568676884126658,0.09568676884126658,0.09568676884126658,0.03856349262435604,0.03856349262435604,0.03856349262435604,0.0,0.0,0.0,0.17110870145537657
2025-11-22,0.03702322044467703,0.033994395392132774,0.2166772336079145,0.03702322044467703,0.03702322044467703,0.0935311629979843,0.0935311629979843,0.0935311629979843,0.006665148954758572,0.006665148954758572,0.006665148954758572,-0.004509543111476284,-0.004509543111476284,-0.004509543111476284,0.08832645536023484,0.08832645536023484,0.08832645536023484,0.09568676884126658,0.09568676884126658,0.09568676884126658,-0.007360313481031743,-0.007360313481031743,-0.007360313481031743,0.0,0.0,0.0,0.12534967580491185
2025-11-23,0.03718800089960012,0.01778591978927084,0.18336294254783791,0.03718800089960012,0.03718800089960012,0.0935311629979843,0.0935311629979843,0.0935311629979843,0.006665148954758572,0.006665148954758572,0.006665148954758572,-0.004509543111476284,-0.004509543111476284,-0.004509543111476284,0.06401258605900598,0.06401258605900598,0.06401258605900598,0.09568676884126658,0.09568676884126658,0.09568676884126658,-0.0316741827822606,-0.0316741827822606,-0.0316741827822606,0.0,0.0,0.0,0.10120058695860609
2025-11-24,0.03735278135452322,0.02681197372787442,0.19361195442687149,0.03735278134062453,0.03735278137249757,0.0935311629979843,0.0935311629979843,0.0935311629979843,0.006665148954758572,0.006665148954758572,0.006665148954758572,-0.004509543111476284,-0.004509543111476284,-0.004509543111476284,0.07163187509684382,0.07163187509684382,0.07163187509684382,0.09568676884126658,0.09568676884126658,0.09568676884126658,-0.024054893744422764,-0.024054893744422764,-0.024054893744422764,0.0,0.0,0.0,0.10898465645136704
2025-11-25,0.03751756180944631,0.044371977382029776,0.21919262677492518,0.03751756172483415,0.03751756189393661,0.0935311629979843,0.0935311629979843,0.0935311629979843,0.006665148954758572,0.006665148954758572,0.006665148954758572,-0.004509543111476284,-0.004509543111476284,-0.004509543111476284,0.09583121011191964,0.09583121011191964,0.09583121011191964,0.09568676884126658,0.09568676884126658,0.09568676884126658,0.00014444127065305588,0.00014444127065305588,0.00014444127065305588,0.0,0.0,0.0,0.13334877192136596
2025-11-26,0.03768234226436941,0.03843994650231864,0.21285018921658647,0.0376823420566948,0.03768234246835392,0.0935311629979843,0.0935311629979843,0.0935311629979843,0.006665148954758572,0.006665148954758572,0.006665148954758572,-0.004509543111476284,-0.004509543111476284,-0.004509543111476284,0.08799493495392738,0.08799493495392738,0.08799493495392738,0.09568676884126658,0.09568676884126658,0.09568676884126658,-0.0076918338873392,-0.0076918338873392,-0.0076918338873392,0.0,0.0,0.0,0.1256772772182968
2025-11-27,0.037847122719292504,0.07718799706484915,0.2566729747982259,0.03784712237309605,0.03784712303947201,0.0935311629979843,0.0935311629979843,0.0935311629979843,0.006665148954758572,0.006665148954758572,0.006665148954758572,-0.004509543111476284,-0.004509543111476284,-0.004509543111476284,0.1277600588411782,0.1277600588411782,0.1277600588411782,0.09568676884126658,0.09568676884126658,0.09568676884126658,0.03207328999991162,0.03207328999991162,0.03207328999991162,0.0,0.0,0.0,0.1656071815604707
2025-11-28,0.0380119031742156,0.08705169009236143,0.2561105432944659,0.038011902656077144,0.038011903660476354,0.0935311629979843,0.0935311629979843,0.0935311629979843,0.006665148954758572,0.006665148954758572,0.006665148954758572,-0.004509543111476284,-0.004509543111476284,-0.004509543111476284,0.1342502614655717,0.1342502614655717,0.1342502614655717,0.09568676884126658,0.09568676884126658,0.09568676884126658,0.038563492624305126,0.038563492624305126,0.038563492624305126,0.0,0.0,0.0,0.1722621646397873
2025-11-29,0.038176683629138695,0.038893317832361655,0.21215183400469043,0.03817668292995923,0.03817668427137794,0.0935311629979843,0.0935311629979843,0.0935311629979843,0.006665148954758572,0.006665148954758572,0.006665148954758572,-0.004509543111476284,-0.004509543111476284,-0.004509543111476284,0.08832645536040075,0.08832645536040075,0.08832645536040075,0.09568676884126658,0.09568676884126658,0.09568676884126658,-0.007360313480865834,-0.007360313480865834,-0.007360313480865834,0.0,0.0,0.0,0.12650313898953944
2025-11-30,0.03834146408406179,0.022750582074815718,0.1913103327463158,0.038341463128194433,0.038341464898848085,0.0935311629979843,0.0935311629979843,0.0935311629979843,0.006665148954758572,0.006665148954758572,0.006665148954758572,-0.004509543111476284,-0.004509543111476284,-0.004509543111476284,0.06401258605897941,0.06401258605897941,0.06401258605897941,0.09568676884126658,0.09568676884126658,0.09568676884126658,-0.03167418278228716,-0.03167418278228716,-0.03167418278228716,0.0,0.0,0.0,0.1023540501430412
2025-12-01,0.038506244538984886,0.027987917573993066,0.1886462467960757,0.03850624337689657,0.03850624559104673,0.0935311629979843,0.0935311629979843,0.0935311629979843,0.006665148954758572,0.006665148954758572,0.006665148954758572,-0.004509543111476284,-0.004509543111476284,-0.004509543111476284,0.07163187509685795,0.07163187509685795,0.07163187509685795,0.09568676884126658,0.09568676884126658,0.09568676884126658,-0.02405489374440864,-0.02405489374440864,-0.02405489374440864,0.0,0.0,0.0,0.11013811963584283
2025-12-02,0.03867102499390798,0.0456764436727173,0.21627331431538696,0.03867102359793406,0.03867102626241343,0.0935311629979843,0.0935311629979843,0.0935311629979843,0.006665148954758572,0.006665148954758572,0.006665148954758572,-0.004509543111476284,-0.004509543111476284,-0.004509543111476284,0.09583121011191438,0.09583121011191438,0.09583121011191438,0.09568676884126658,0.09568676884126658,0.09568676884126658,0.0001444412706478014,0.0001444412706478014,0.0001444412706478014,0.0,0.0,0.0,0.13450223510582238
2025-12-03,0.03883580544883108,0.045626994785526405,0.20865080885011586,0.038835803789970966,0.03883580695286663,0.0935311629979843,0.0935311629979843,0.0935311629979843,0.006665148954758572,0.006665148954758572,0.006665148954758572,-0.004509543111476284,-0.004509543111476284,-0.004509543111476284,0.08799493495394532,0.08799493495394532,0.08799493495394532,0.09568676884126658,0.09568676884126658,0.09568676884126658,-0.007691833887321264,-0.007691833887321264,-0.007691833887321264,0.0,0.0,0.0,0.1268307404027764
2025-12-04,0.03900058590375417,0.08485090565788986,0.24917215349621796,0.03900058391210098,0.03900058764740225,0.0935311629979843,0.0935311629979843,0.0935311629979843,0.006665148954758572,0.006665148954758572,0.006665148954758572,-0.004509543111476284,-0.004509543111476284,-0.004509543111476284,0.12776005884123323,0.12776005884123323,0.12776005884123323,0.09568676884126658,0.09568676884126658,0.09568676884126658,0.032073289999966656,0.032073289999966656,0.032073289999966656,0.0,0.0,0.0,0.16676064474498742
2025-12-05,0.03916536635867727,0.0944882825728831,0.2646474343262144,0.03916536408736224,0.03916536840103926,0.0935311629979843,0.0935311629979843,0.0935311629979843,0.006665148954758572,0.006665148954758572,0.006665148954758572,-0.004509543111476284,-0.004509543111476284,-0.004509543111476284,0.13425026146565266,0.13425026146565266,0.13425026146565266,0.09568676884126658,0.09568676884126658,0.09568676884126658,0.03856349262438609,0.03856349262438609,0.03856349262438609,0.0,0.0,0.0,0.17341562782432993
2025-12-06,0.039330146813600364,0.04144484445157873,0.20922985732339078,0.03933014418601997,0.03933014912423507,0.0935311629979843,0.0935311629979843,0.0935311629979843,0.006665148954758572,0.006665148954758572,0.006665148954758572,-0.004509543111476284,-0.004509543111476284,-0.004509543111476284,0.08832645536039552,0.08832645536039552,0.08832645536039552,0.09568676884126658,0.09568676884126658,0.09568676884126658,-0.00736031348087106,-0.00736031348087106,-0.00736031348087106,0.0,0.0,0.0,0.12765660217399588
2025-12-07,0.03949492726852346,0.01565573627909886,0.1887663140065766,0.03949492427549523,0.03949492985997127,0.0935311629979843,0.0935311629979843,0.0935311629979843,0.006665148954758572,0.006665148954758572,0.006665148954758572,-0.004509543111476284,-0.004509543111476284,-0.004509543111476284,0.06401258605898608,0.06401258605898608,0.06401258605898608,0.09568676884126658,0.09568676884126658,0.09568676884126658,-0.03167418278228051,-0.03167418278228051,-0.03167418278228051,0.0,0.0,0.0,0.10350751332750954
2025-12-08,0.039659707723446555,0.030310687111622416,0.20055227259734448,0.039659704417668175,0.0396597105990092,0.0935311629979843,0.0935311629979843,0.0935311629979843,0.006665148954758572,0.006665148954758572,0.006665148954758572,-0.004509543111476284,-0.004509543111476284,-0.004509543111476284,0.07163187509687206,0.07163187509687206,0.07163187509687206,0.09568676884126658,0.09568676884126658,0.09568676884126658,-0.02405489374439452,-0.02405489374439452,-0.02405489374439452,0.0,0.0,0.0,0.11129158282031862
2025-12-09,0.03982448817836966,0.049589188664403476,0.22023863732722412,0.03982448458834584,0.03982449138687152,0.0935311629979843,0.0935311629979843,0.0935311629979843,0.006665148954758572,0.006665148954758572,0.006665148954758572,-0.004509543111476284,-0.004509543111476284,-0.004509543111476284,0.09583121011191373,0.09583121011191373,0.09583121011191373,0.09568676884126658,0.09568676884126658,0.09568676884126658,0.00014444127064714048,0.00014444127064714048,0.00014444127064714048,0.0,0.0,0.0,0.1356556982902834
2025-12-10,0.039989268633292746,0.03460081469321566,0.2200018814197897,0.03998926480646213,0.03998927219553215,0.0935311629979843,0.0935311629979843,0.0935311629979843,0.006665148954758572,0.006665148954758572,0.006665148954758572,-0.004509543111476284,-0.004509543111476284,-0.004509543111476284,0.08799493495389418,0.08799493495389418,0.08799493495389418,0.09568676884126658,0.09568676884126658,0.09568676884126658,-0.007691833887372405,-0.007691833887372405,-0.007691833887372405,0.0,0.0,0.0,0.12798420358718693
2025-12-11,0.04015404908821584,0.08266099143655747,0.24989083790111166,0.0401540449256081,0.04015405294768703,0.0935311629979843,0.0935311629979843,0.0935311629979843,0.006665148954758572,0.006665148954758572,0.006665148954758572,-0.004509543111476284,-0.004509543111476284,-0.004509543111476284,0.12776005884128827,0.12776005884128827,0.12776005884128827,0.09568676884126658,0.09568676884126658,0.09568676884126658,0.03207329000002169,0.03207329000002169,0.03207329000002169,0.0,0.0,0.0,0.16791410792950412
2025-12-12,0.04031882954313894,0.08508187999574375,0.24991873075103657,0.04031882496447303,0.04031883379854692,0.0935311629979843,0.0935311629979843,0.0935311629979843,0.006665148954758572,0.006665148954758572,0.006665148954758572,-0.004509543111476284,-0.004509543111476284,-0.004509543111476284,0.1342502614656474,0.1342502614656474,0.1342502614656474,0.09568676884126658,0.09568676884126658,0.09568676884126658,0.038563492624380816,0.038563492624380816,0.038563492624380816,0.0,0.0,0.0,0.17456909100878631
2025-12-13,0.04048360999806204,0.04912212960736865,0.21722324602191895,0.040483605046265414,0.040483614707757354,0.0935311629979843,0.0935311629979843,0.0935311629979843,0.006665148954758572,0.006665148954758572,0.006665148954758572,-0.004509543111476284,-0.004509543111476284,-0.004509543111476284,0.08832645536030279,0.08832645536030279,0.08832645536030279,0.09568676884126658,0.09568676884126658,0.09568676884126658,-0.007360313480963792,-0.007360313480963792,-0.007360313480963792,0.0,0.0,0.0,0.1288100653583648
2025-12-14,0.04064839045298513,0.019793720745378465,0.19302851947592198,0.04064838502763337,0.040648395473235226,0.0935311629979843,0.0935311629979843,0.0935311629979843,0.006665148954758572,0.006665148954758572,0.006665148954758572,-0.004509543111476284,-0.004509543111476284,-0.004509543111476284,0.06401258605899274,0.06401258605899274,0.06401258605899274,0.09568676884126658,0.09568676884126658,0.09568676884126658,-0.031674182782273845,-0.031674182782273845,-0.031674182782273845,0.0,0.0,0.0,0.10466097651197787
2025-12-15,0.040813170907908224,0.027160319522311183,0.1995634971921316,0.04081316511124237,0.04081317639611309,0.0935311629979843,0.0935311629979843,0.0935311629979843,0.006665148954758572,0.006665148954758572,0.006665148954758572,-0.004509543111476284,-0.004509543111476284,-0.004509543111476284,0.07163187509690226,0.07163187509690226,0.07163187509690226,0.09568676884126658,0.09568676884126658,0.09568676884126658,-0.024054893744364324,-0.024054893744364324,-0.024054893744364324,0.0,0.0,0.0,0.11244504600481048
2025-12-16,0.04097795136283132,0.05334882037154714,0.22433793321775106,0.04097794519361079,0.040977957340011285,0.0935311629979843,0.0935311629979843,0.0935311629979843,0.006665148954758572,0.006665148954758572,0.006665148954758572,-0.004509543111476284,-0.004509543111476284,-0.004509543111476284,0.09583121011191269,0.09583121011191269,0.09583121011191269,0.09568676884126658,0.09568676884126658,0.09568676884126658,0.00014444127064611265,0.00014444127064611265,0.00014444127064611265,0.0,0.0,0.0,0.136809161474744
2025-12-17,0.04114273181775442,0.040415660013970726,0.21187547335295281,0.04114272521991307,0.04114273818637984,0.0935311629979843,0.0935311629979843,0.0935311629979843,0.006665148954758572,0.006665148954758572,0.006665148954758572,-0.004509543111476284,-0.004509543111476284,-0.004509543111476284,0.08799493495388841,0.08799493495388841,0.08799493495388841,0.09568676884126658,0.09568676884126658,0.09568676884126658,-0.007691833887378166,-0.007691833887378166,-0.007691833887378166,0.0,0.0,0.0,0.12913766677164285
2025-12-18,0.04130751227267751,0.08082519339742895,0.2563103933439293,0.041307505256709995,0.04130751900562295,0.0935311629979843,0.0935311629979843,0.0935311629979843,0.006665148954758572,0.006665148954758572,0.006665148954758572,-0.004509543111476284,-0.004509543111476284,-0.004509543111476284,0.12776005884130484,0.12776005884130484,0.12776005884130484,0.09568676884126658,0.09568676884126658,0.09568676884126658,0.03207329000003826,0.03207329000003826,0.03207329000003826,0.0,0.0,0.0,0.16906757111398235
2025-12-19,0.041472292727600606,0.08533146831348315,0.26623473479490944,0.04147228526907323,0.04147229971887524,0.0935311629979843,0.0935311629979843,0.0935311629979843,0.006665148954758572,0.006665148954758572,0.006665148954758572,-0.004509543111476284,-0.004509543111476284,-0.004509543111476284,0.13425026146564212,0.13425026146564212,0.13425026146564212,0.09568676884126658,0.09568676884126658,0.09568676884126658,0.03856349262437555,0.03856349262437555,0.03856349262437555,0.0,0.0,0.0,0.17572255419324273
2025-12-20,0.0416370731825237,0.04716363725604374,0.21684547011074148,0.041637065244169304,0.04163708055517055,0.0935311629979843,0.0935311629979843,0.0935311629979843,0.006665148954758572,0.006665148954758572,0.006665148954758572,-0.004509543111476284,-0.004509543111476284,-0.004509543111476284,0.08832645536029757,0.08832645536029757,0.08832645536029757,0.09568676884126658,0.09568676884126658,0.09568676884126658,-0.007360313480969013,-0.007360313480969013,-0.007360313480969013,0.0,0.0,0.0,0.12996352854282128
2025-12-21,0.041801853637446804,0.02523084443821454,0.18917201822276747,0.041801845228202954,0.041801861372843946,0.0935311629979843,0.0935311629979843,0.0935311629979843,0.006665148954758572,0.006665148954758572,0.006665148954758572,-0.004509543111476284,-0.004509543111476284,-0.004509543111476284,0.06401258605900437,0.06401258605900437,0.06401258605900437,0.09568676884126658,0.09568676884126658,0.09568676884126658,-0.03167418278226221,-0.03167418278226221,-0.03167418278226221,0.0,0.0,0.0,0.10581443969645117
2025-12-22,0.04196663409236989,0.023349908923534606,0.20239333427203401,0.041966625309892154,0.04196664226328742,0.0935311629979843,0.0935311629979843,0.0935311629979843,0.006665148954758572,0.006665148954758572,0.006665148954758572,-0.004509543111476284,-0.004509543111476284,-0.004509543111476284,0.07163187509693246,0.07163187509693246,0.07163187509693246,0.09568676884126658,0.09568676884126658,0.09568676884126658,-0.024054893744334116,-0.024054893744334116,-0.024054893744334116,0.0,0.0,0.0,0.11359850918930235
2025-12-23,0.04213141454729299,0.04612110891480566,0.233071786866534,0.042131405265829466,0.04213142314591752,0.0935311629979843,0.0935311629979843,0.0935311629979843,0.006665148954758572,0.006665148954758572,0.006665148954758572,-0.004509543111476284,-0.004509543111476284,-0.004509543111476284,0.09583121011191588,0.09583121011191588,0.09583121011191588,0.09568676884126658,0.09568676884126658,0.09568676884126658,0.00014444127064930807,0.00014444127064930807,0.00014444127064930807,0.0,0.0,0.0,0.13796262465920886
