ds,trend,yhat_lower,yhat_upper,trend_lower,trend_upper,GenZ fashion_7d_avg,GenZ fashion_7d_avg_lower,GenZ fashion_7d_avg_upper,GenZ fashion_growth,GenZ fashion_growth_lower,GenZ fashion_growth_upper,GenZ fashion_momentum,GenZ fashion_momentum_lower,GenZ fashion_momentum_upper,additive_terms,additive_terms_lower,additive_terms_upper,extra_regressors_additive,extra_regressors_additive_lower,extra_regressors_additive_upper,weekly,weekly_lower,weekly_upper,multiplicative_terms,multiplicative_terms_lower,multiplicative_terms_upper,yhat
2025-08-23,0.0933652,0.4863416609635894,0.5993893366719522,0.0933652,0.0933652,0.5171524021728153,0.5171524021728153,0.5171524021728153,0.0554584769832643,0.0554584769832643,0.0554584769832643,-0.09783025848094414,-0.09783025848094414,-0.09783025848094414,0.44825078118889367,0.44825078118889367,0.44825078118889367,0.4747806206751355,0.4747806206751355,0.4747806206751355,-0.02652983948624181,-0.02652983948624181,-0.02652983948624181,0.0,0.0,0.0,0.5416159811888936
2025-08-24,0.093620475,0.5238573336827249,0.6377876175396525,0.093620475,0.093620475,0.5171524021728153,0.5171524021728153,0.5171524021728153,0.0554584769832643,0.0554584769832643,0.0554584769832643,-0.09783025848094414,-0.09783025848094414,-0.09783025848094414,0.4873562767649405,0.4873562767649405,0.4873562767649405,0.4747806206751355,0.4747806206751355,0.4747806206751355,0.012575656089804967,0.012575656089804967,0.012575656089804967,0.0,0.0,0.0,0.5809767517649405
2025-08-25,0.09387575,0.5263549926879209,0.6366546957830433,0.09387575,0.09387575,0.5171524021728153,0.5171524021728153,0.5171524021728153,0.0554584769832643,0.0554584769832643,0.0554584769832643,-0.09783025848094414,-0.09783025848094414,-0.09783025848094414,0.4894001005149938,0.4894001005149938,0.4894001005149938,0.4747806206751355,0.4747806206751355,0.4747806206751355,0.014619479839858293,0.014619479839858293,0.014619479839858293,0.0,0.0,0.0,0.5832758505149938
2025-08-26,0.094131025,0.5182785505841919,0.6288603425427536,0.094131025,0.094131025,0.5171524021728153,0.5171524021728153,0.5171524021728153,0.0554584769832643,0.0554584769832643,0.0554584769832643,-0.09783025848094414,-0.09783025848094414,-0.09783025848094414,0.4787586770386271,0.4787586770386271,0.4787586770386271,0.4747806206751355,0.4747806206751355,0.4747806206751355,0.003978056363491611,0.003978056363491611,0.003978056363491611,0.0,0.0,0.0,0.5728897020386271
2025-08-27,0.0943863000002123,0.5198541286167188,0.6344397694150631,0.0943863000002123,0.0943863000002123,0.5171524021728153,0.5171524021728153,0.5171524021728153,0.0554584769832643,0.0554584769832643,0.0554584769832643,-0.09783025848094414,-0.09783025848094414,-0.09783025848094414,0.4804667300826034,0.4804667300826034,0.4804667300826034,0.4747806206751355,0.4747806206751355,0.4747806206751355,0.00568610940746791,0.00568610940746791,0.00568610940746791,0.0,0.0,0.0,0.5748530300828156
2025-08-28,0.0946415750004246,0.5143768089169718,0.6302071564131997,0.0946415750004246,0.0946415750004246,0.5171524021728153,0.5171524021728153,0.5171524021728153,0.0554584769832643,0.0554584769832643,0.0554584769832643,-0.09783025848094414,-0.09783025848094414,-0.09783025848094414,0.47479973067512,0.47479973067512,0.47479973067512,0.4747806206751355,0.4747806206751355,0.4747806206751355,1.9109999984494308e-05,1.9109999984494308e-05,1.9109999984494308e-05,0.0,0.0,0.0,0.5694413056755446
2025-08-29,0.09489685000063688,0.50062517140122,0.6139805364483948,0.09489685000063688,0.09489685000063688,0.5171524021728153,0.5171524021728153,0.5171524021728153,0.0554584769832643,0.0554584769832643,0.0554584769832643,-0.09783025848094414,-0.09783025848094414,-0.09783025848094414,0.46443204846060215,0.46443204846060215,0.46443204846060215,0.4747806206751355,0.4747806206751355,0.4747806206751355,-0.010348572214533305,-0.010348572214533305,-0.010348572214533305,0.0,0.0,0.0,0.559328898461239
2025-08-30,0.09515212500165814,0.49028819564907355,0.6011787039174771,0.09515212500165814,0.09515212500165814,0.5171524021728153,0.5171524021728153,0.5171524021728153,0.0554584769832643,0.0554584769832643,0.0554584769832643,-0.09783025848094414,-0.09783025848094414,-0.09783025848094414,0.44825078118890765,0.44825078118890765,0.44825078118890765,0.4747806206751355,0.4747806206751355,0.4747806206751355,-0.02652983948622785,-0.02652983948622785,-0.02652983948622785,0.0,0.0,0.0,0.5434029061905657
2025-08-31,0.09540740000267937,0.5205957323396511,0.6396564895595633,0.09540740000267937,0.09540740000267937,0.5171524021728153,0.5171524021728153,0.5171524021728153,0.0554584769832643,0.0554584769832643,0.0554584769832643,-0.09783025848094414,-0.09783025848094414,-0.09783025848094414,0.4873562767649803,0.4873562767649803,0.4873562767649803,0.4747806206751355,0.4747806206751355,0.4747806206751355,0.012575656089844815,0.012575656089844815,0.012575656089844815,0.0,0.0,0.0,0.5827636767676596
2025-09-01,0.09566267500370061,0.529659394440798,0.6399910645272308,0.09566267500370061,0.09566267500370061,0.5171524021728153,0.5171524021728153,0.5171524021728153,0.0554584769832643,0.0554584769832643,0.0554584769832643,-0.09783025848094414,-0.09783025848094414,-0.09783025848094414,0.4894001005150358,0.4894001005150358,0.4894001005150358,0.4747806206751355,0.4747806206751355,0.4747806206751355,0.01461947983990031,0.01461947983990031,0.01461947983990031,0.0,0.0,0.0,0.5850627755187364
2025-09-02,0.09591795000488804,0.5203003795544344,0.6312158748543992,0.09591795000488804,0.09591795000488804,0.5171524021728153,0.5171524021728153,0.5171524021728153,0.0554584769832643,0.0554584769832643,0.0554584769832643,-0.09783025848094414,-0.09783025848094414,-0.09783025848094414,0.47875867703856334,0.47875867703856334,0.47875867703856334,0.4747806206751355,0.4747806206751355,0.4747806206751355,0.003978056363427878,0.003978056363427878,0.003978056363427878,0.0,0.0,0.0,0.5746766270434513
2025-09-03,0.09617322500607545,0.523723677880815,0.634019868018539,0.09617322500607545,0.09617322500607545,0.5171524021728153,0.5171524021728153,0.5171524021728153,0.0554584769832643,0.0554584769832643,0.0554584769832643,-0.09783025848094414,-0.09783025848094414,-0.09783025848094414,0.4804667300826188,0.4804667300826188,0.4804667300826188,0.4747806206751355,0.4747806206751355,0.4747806206751355,0.00568610940748332,0.00568610940748332,0.00568610940748332,0.0,0.0,0.0,0.5766399550886943
2025-09-04,0.09642850000726287,0.5162227850449351,0.6306236684544134,0.09642850000726287,0.09642850000726287,0.5171524021728153,0.5171524021728153,0.5171524021728153,0.0554584769832643,0.0554584769832643,0.0554584769832643,-0.09783025848094414,-0.09783025848094414,-0.09783025848094414,0.474799730675151,0.474799730675151,0.474799730675151,0.4747806206751355,0.4747806206751355,0.4747806206751355,1.9110000015521572e-05,1.9110000015521572e-05,1.9110000015521572e-05,0.0,0.0,0.0,0.5712282306824139
2025-09-05,0.09668377500923281,0.5049790899202797,0.6184175345215261,0.09668377500923281,0.09668377500923281,0.5171524021728153,0.5171524021728153,0.5171524021728153,0.0554584769832643,0.0554584769832643,0.0554584769832643,-0.09783025848094414,-0.09783025848094414,-0.09783025848094414,0.4644320484605759,0.4644320484605759,0.4644320484605759,0.4747806206751355,0.4747806206751355,0.4747806206751355,-0.010348572214559607,-0.010348572214559607,-0.010348572214559607,0.0,0.0,0.0,0.5611158234698087
2025-09-06,0.09693905001120273,0.48653064750833014,0.6044577022084467,0.09693905001120273,0.09693905001120273,0.5171524021728153,0.5171524021728153,0.5171524021728153,0.0554584769832643,0.0554584769832643,0.0554584769832643,-0.09783025848094414,-0.09783025848094414,-0.09783025848094414,0.4482507811889151,0.4482507811889151,0.4482507811889151,0.4747806206751355,0.4747806206751355,0.4747806206751355,-0.026529839486220404,-0.026529839486220404,-0.026529839486220404,0.0,0.0,0.0,0.5451898312001178
2025-09-07,0.09719432501317267,0.5307439888704027,0.6382663212236644,0.09719432501317267,0.09719432501317267,0.5171524021728153,0.5171524021728153,0.5171524021728153,0.0554584769832643,0.0554584769832643,0.0554584769832643,-0.09783025848094414,-0.09783025848094414,-0.09783025848094414,0.4873562767649948,0.4873562767649948,0.4873562767649948,0.4747806206751355,0.4747806206751355,0.4747806206751355,0.012575656089859347,0.012575656089859347,0.012575656089859347,0.0,0.0,0.0,0.5845506017781675
2025-09-08,0.09744960001525851,0.5246881206411556,0.6440588376991875,0.09744960001525851,0.09744960001525851,0.5171524021728153,0.5171524021728153,0.5171524021728153,0.0554584769832643,0.0554584769832643,0.0554584769832643,-0.09783025848094414,-0.09783025848094414,-0.09783025848094414,0.4894001005149996,0.4894001005149996,0.4894001005149996,0.4747806206751355,0.4747806206751355,0.4747806206751355,0.014619479839864112,0.014619479839864112,0.014619479839864112,0.0,0.0,0.0,0.5868497005302581
2025-09-09,0.09770487501734436,0.5205560619250718,0.6329613174909604,0.09770487501734436,0.09770487501734436,0.5171524021728153,0.5171524021728153,0.5171524021728153,0.0554584769832643,0.0554584769832643,0.0554584769832643,-0.09783025848094414,-0.09783025848094414,-0.09783025848094414,0.47875867703863567,0.47875867703863567,0.47875867703863567,0.4747806206751355,0.4747806206751355,0.4747806206751355,0.003978056363500201,0.003978056363500201,0.003978056363500201,0.0,0.0,0.0,0.57646355205598
2025-09-10,0.09796015001943022,0.5235585780945089,0.6331515735258781,0.09796015001943022,0.09796015001943022,0.5171524021728153,0.5171524021728153,0.5171524021728153,0.0554584769832643,0.0554584769832643,0.0554584769832643,-0.09783025848094414,-0.09783025848094414,-0.09783025848094414,0.4804667300826342,0.4804667300826342,0.4804667300826342,0.4747806206751355,0.4747806206751355,0.4747806206751355,0.005686109407498728,0.005686109407498728,0.005686109407498728,0.0,0.0,0.0,0.5784268801020644
2025-09-11,0.09821542502286723,0.5149972883435092,0.6264267264800242,0.09821542502286723,0.09821542502286723,0.5171524021728153,0.5171524021728153,0.5171524021728153,0.0554584769832643,0.0554584769832643,0.0554584769832643,-0.09783025848094414,-0.09783025848094414,-0.09783025848094414,0.4747997306751665,0.4747997306751665,0.4747997306751665,0.4747806206751355,0.4747806206751355,0.4747806206751355,1.9110000030999642e-05,1.9110000030999642e-05,1.9110000030999642e-05,0.0,0.0,0.0,0.5730151556980337
2025-09-12,0.09847070002630424,0.5049999202820162,0.6193882496873658,0.09847070002630424,0.09847070002630424,0.5171524021728153,0.5171524021728153,0.5171524021728153,0.0554584769832643,0.0554584769832643,0.0554584769832643,-0.09783025848094414,-0.09783025848094414,-0.09783025848094414,0.4644320484606638,0.4644320484606638,0.4644320484606638,0.4747806206751355,0.4747806206751355,0.4747806206751355,-0.010348572214471646,-0.010348572214471646,-0.010348572214471646,0.0,0.0,0.0,0.5629027484869681
2025-09-13,0.09872597503033205,0.492336901313665,0.6050571703056992,0.09872597503033205,0.09872597503033205,0.5171524021728153,0.5171524021728153,0.5171524021728153,0.0554584769832643,0.0554584769832643,0.0554584769832643,-0.09783025848094414,-0.09783025848094414,-0.09783025848094414,0.4482507811889356,0.4482507811889356,0.4482507811889356,0.4747806206751355,0.4747806206751355,0.4747806206751355,-0.026529839486199927,-0.026529839486199927,-0.026529839486199927,0.0,0.0,0.0,0.5469767562192677
2025-09-14,0.09898125003435987,0.5305043774938769,0.6417860177021284,0.09898125003435987,0.09898125003435987,0.5171524021728153,0.5171524021728153,0.5171524021728153,0.0554584769832643,0.0554584769832643,0.0554584769832643,-0.09783025848094414,-0.09783025848094414,-0.09783025848094414,0.48735627676500937,0.48735627676500937,0.48735627676500937,0.4747806206751355,0.4747806206751355,0.4747806206751355,0.01257565608987388,0.01257565608987388,0.01257565608987388,0.0,0.0,0.0,0.5863375267993692
2025-09-15,0.09923652503838767,0.5329112207403096,0.6444626198001832,0.09923652503838767,0.09923652503838767,0.5171524021728153,0.5171524021728153,0.5171524021728153,0.0554584769832643,0.0554584769832643,0.0554584769832643,-0.09783025848094414,-0.09783025848094414,-0.09783025848094414,0.4894001005150355,0.4894001005150355,0.4894001005150355,0.4747806206751355,0.4747806206751355,0.4747806206751355,0.01461947983990002,0.01461947983990002,0.01461947983990002,0.0,0.0,0.0,0.5886366255534232
2025-09-16,0.09949180004698518,0.5196624304852094,0.6362342658329742,0.09949180004698518,0.09949180004698518,0.5171524021728153,0.5171524021728153,0.5171524021728153,0.0554584769832643,0.0554584769832643,0.0554584769832643,-0.09783025848094414,-0.09783025848094414,-0.09783025848094414,0.4787586770386171,0.4787586770386171,0.4787586770386171,0.4747806206751355,0.4747806206751355,0.4747806206751355,0.003978056363481615,0.003978056363481615,0.003978056363481615,0.0,0.0,0.0,0.5782504770856023
2025-09-17,0.09974707505558268,0.5231235866294407,0.6347974285182547,0.09974707505558268,0.09974707505558268,0.5171524021728153,0.5171524021728153,0.5171524021728153,0.0554584769832643,0.0554584769832643,0.0554584769832643,-0.09783025848094414,-0.09783025848094414,-0.09783025848094414,0.4804667300826074,0.4804667300826074,0.4804667300826074,0.4747806206751355,0.4747806206751355,0.4747806206751355,0.005686109407471891,0.005686109407471891,0.005686109407471891,0.0,0.0,0.0,0.5802138051381901
2025-09-18,0.10000235006418019,0.5181580744254157,0.629966039929087,0.10000235006418019,0.10000235006418019,0.5171524021728153,0.5171524021728153,0.5171524021728153,0.0554584769832643,0.0554584769832643,0.0554584769832643,-0.09783025848094414,-0.09783025848094414,-0.09783025848094414,0.47479973067515097,0.47479973067515097,0.47479973067515097,0.4747806206751355,0.4747806206751355,0.4747806206751355,1.9110000015499888e-05,1.9110000015499888e-05,1.9110000015499888e-05,0.0,0.0,0.0,0.5748020807393311
2025-09-19,0.1002576250752588,0.5045823003326342,0.6211083142901637,0.1002576250752588,0.1002576250752588,0.5171524021728153,0.5171524021728153,0.5171524021728153,0.0554584769832643,0.0554584769832643,0.0554584769832643,-0.09783025848094414,-0.09783025848094414,-0.09783025848094414,0.4644320484606375,0.4644320484606375,0.4644320484606375,0.4747806206751355,0.4747806206751355,0.4747806206751355,-0.010348572214497951,-0.010348572214497951,-0.010348572214497951,0.0,0.0,0.0,0.5646896735358963
2025-09-20,0.1005129000863374,0.4941318490008422,0.6066986795867599,0.1005129000863374,0.1005129000863374,0.5171524021728153,0.5171524021728153,0.5171524021728153,0.0554584769832643,0.0554584769832643,0.0554584769832643,-0.09783025848094414,-0.09783025848094414,-0.09783025848094414,0.4482507811888743,0.4482507811888743,0.4482507811888743,0.4747806206751355,0.4747806206751355,0.4747806206751355,-0.026529839486261204,-0.026529839486261204,-0.026529839486261204,0.0,0.0,0.0,0.5487636812752117
2025-09-21,0.100768175097416,0.5339491124068637,0.6459429360520651,0.100768175097416,0.100768175097416,0.5171524021728153,0.5171524021728153,0.5171524021728153,0.0554584769832643,0.0554584769832643,0.0554584769832643,-0.09783025848094414,-0.09783025848094414,-0.09783025848094414,0.4873562767650239,0.4873562767650239,0.4873562767650239,0.4747806206751355,0.4747806206751355,0.4747806206751355,0.012575656089888414,0.012575656089888414,0.012575656089888414,0.0,0.0,0.0,0.5881244518624399
2025-09-22,0.1010235275259946,0.5336310309538672,0.6456656996796122,0.1010235275259946,0.1010235275259946,0.5171524021728153,0.5171524021728153,0.5171524021728153,0.0554584769832643,0.0554584769832643,0.0554584769832643,-0.09783025848094414,-0.09783025848094414,-0.09783025848094414,0.4894001005149993,0.4894001005149993,0.4894001005149993,0.4747806206751355,0.4747806206751355,0.4747806206751355,0.014619479839863826,0.014619479839863826,0.014619479839863826,0.0,0.0,0.0,0.5904236280409939
2025-09-23,0.1012788799545732,0.5249408131609553,0.632412582686345,0.1012788799545732,0.1012788799545732,0.5171524021728153,0.5171524021728153,0.5171524021728153,0.0554584769832643,0.0554584769832643,0.0554584769832643,-0.09783025848094414,-0.09783025848094414,-0.09783025848094414,0.47875867703864367,0.47875867703864367,0.47875867703864367,0.4747806206751355,0.4747806206751355,0.4747806206751355,0.003978056363508175,0.003978056363508175,0.003978056363508175,0.0,0.0,0.0,0.5800375569932169
2025-09-24,0.10153423238315182,0.5255417503567897,0.6414817207270377,0.10153423238315182,0.10153423238315182,0.5171524021728153,0.5171524021728153,0.5171524021728153,0.0554584769832643,0.0554584769832643,0.0554584769832643,-0.09783025848094414,-0.09783025848094414,-0.09783025848094414,0.48046673008266505,0.48046673008266505,0.48046673008266505,0.4747806206751355,0.4747806206751355,0.4747806206751355,0.0056861094075295465,0.0056861094075295465,0.0056861094075295465,0.0,0.0,0.0,0.5820009624658169
2025-09-25,0.10178971468564346,0.5233039975070343,0.6360438492954645,0.10178971468564346,0.10178971468564346,0.5171524021728153,0.5171524021728153,0.5171524021728153,0.0554584769832643,0.0554584769832643,0.0554584769832643,-0.09783025848094414,-0.09783025848094414,-0.09783025848094414,0.4747997306751355,0.4747997306751355,0.4747997306751355,0.4747806206751355,0.4747806206751355,0.4747806206751355,1.91099999999984e-05,1.91099999999984e-05,1.91099999999984e-05,0.0,0.0,0.0,0.5765894453607789
2025-09-26,0.1020451969881351,0.5113679237058277,0.6202866836136111,0.1020451969881351,0.1020451969881351,0.5171524021728153,0.5171524021728153,0.5171524021728153,0.0554584769832643,0.0554584769832643,0.0554584769832643,-0.09783025848094414,-0.09783025848094414,-0.09783025848094414,0.4644320484606384,0.4644320484606384,0.4644320484606384,0.4747806206751355,0.4747806206751355,0.4747806206751355,-0.0103485722144971,-0.0103485722144971,-0.0103485722144971,0.0,0.0,0.0,0.5664772454487735
2025-09-27,0.10230067929062674,0.49032050934523874,0.6075657859971353,0.10230067929062674,0.10230067929062674,0.5171524021728153,0.5171524021728153,0.5171524021728153,0.0554584769832643,0.0554584769832643,0.0554584769832643,-0.09783025848094414,-0.09783025848094414,-0.09783025848094414,0.4482507811888883,0.4482507811888883,0.4482507811888883,0.4747806206751355,0.4747806206751355,0.4747806206751355,-0.02652983948624724,-0.02652983948624724,-0.02652983948624724,0.0,0.0,0.0,0.550551460479515
2025-09-28,0.10255995319094446,0.5332563502012646,0.6428467056584024,0.10255995319094446,0.10255995319094446,0.5171524021728153,0.5171524021728153,0.5171524021728153,0.0554584769832643,0.0554584769832643,0.0554584769832643,-0.09783025848094414,-0.09783025848094414,-0.09783025848094414,0.48735627676506377,0.48735627676506377,0.48735627676506377,0.4747806206751355,0.4747806206751355,0.4747806206751355,0.012575656089928266,0.012575656089928266,0.012575656089928266,0.0,0.0,0.0,0.5899162299560082
2025-09-29,0.1028192270912622,0.5401895958384734,0.6480477889167454,0.1028192270912622,0.1028192270912622,0.5171524021728153,0.5171524021728153,0.5171524021728153,0.0554584769832643,0.0554584769832643,0.0554584769832643,-0.09783025848094414,-0.09783025848094414,-0.09783025848094414,0.48940010051504135,0.48940010051504135,0.48940010051504135,0.4747806206751355,0.4747806206751355,0.4747806206751355,0.014619479839905842,0.014619479839905842,0.014619479839905842,0.0,0.0,0.0,0.5922193276063036
2025-09-30,0.10307850099157995,0.5271709562059487,0.6403531022153933,0.10307850099157995,0.10307850099157995,0.5171524021728153,0.5171524021728153,0.5171524021728153,0.0554584769832643,0.0554584769832643,0.0554584769832643,-0.09783025848094414,-0.09783025848094414,-0.09783025848094414,0.4787586770386702,0.4787586770386702,0.4787586770386702,0.4747806206751355,0.4747806206751355,0.4747806206751355,0.003978056363534732,0.003978056363534732,0.003978056363534732,0.0,0.0,0.0,0.5818371780302501
2025-10-01,0.10333905776146289,0.5288879311219739,0.6407308468410996,0.10333905776146289,0.10333905776146289,0.5171524021728153,0.5171524021728153,0.5171524021728153,0.0554584769832643,0.0554584769832643,0.0554584769832643,-0.09783025848094414,-0.09783025848094414,-0.09783025848094414,0.4804667300826063,0.4804667300826063,0.4804667300826063,0.4747806206751355,0.4747806206751355,0.4747806206751355,0.00568610940747081,0.00568610940747081,0.00568610940747081,0.0,0.0,0.0,0.5838057878440692
2025-10-02,0.10359961453134585,0.5218470357455727,0.6368434097960952,0.10359961453134585,0.10359961453134585,0.5171524021728153,0.5171524021728153,0.5171524021728153,0.0554584769832643,0.0554584769832643,0.0554584769832643,-0.09783025848094414,-0.09783025848094414,-0.09783025848094414,0.47479973067512,0.47479973067512,0.47479973067512,0.4747806206751355,0.4747806206751355,0.4747806206751355,1.9109999984498645e-05,1.9109999984498645e-05,1.9109999984498645e-05,0.0,0.0,0.0,0.5783993452064659
2025-10-03,0.10386017130122878,0.5129428263217903,0.624312363389655,0.10386017130122878,0.10386017130122878,0.5171524021728153,0.5171524021728153,0.5171524021728153,0.0554584769832643,0.0554584769832643,0.0554584769832643,-0.09783025848094414,-0.09783025848094414,-0.09783025848094414,0.4644320484606121,0.4644320484606121,0.4644320484606121,0.4747806206751355,0.4747806206751355,0.4747806206751355,-0.010348572214523403,-0.010348572214523403,-0.010348572214523403,0.0,0.0,0.0,0.5682922197618409
2025-10-04,0.10412261465806825,0.4977701117663229,0.6104336564395624,0.10412261465806825,0.10412261465806825,0.5171524021728153,0.5171524021728153,0.5171524021728153,0.0554584769832643,0.0554584769832643,0.0554584769832643,-0.09783025848094414,-0.09783025848094414,-0.09783025848094414,0.4482507811888957,0.4482507811888957,0.4482507811888957,0.4747806206751355,0.4747806206751355,0.4747806206751355,-0.026529839486239794,-0.026529839486239794,-0.026529839486239794,0.0,0.0,0.0,0.552373395846964
2025-10-05,0.10438505801490773,0.5356524395180094,0.6515720294110309,0.10438505801490773,0.10438505801490773,0.5171524021728153,0.5171524021728153,0.5171524021728153,0.0554584769832643,0.0554584769832643,0.0554584769832643,-0.09783025848094414,-0.09783025848094414,-0.09783025848094414,0.48735627676505294,0.48735627676505294,0.48735627676505294,0.4747806206751355,0.4747806206751355,0.4747806206751355,0.01257565608991748,0.01257565608991748,0.01257565608991748,0.0,0.0,0.0,0.5917413347799607
2025-10-06,0.1046475013717472,0.5342738428102451,0.6494588933676557,0.1046475013717472,0.1046475013717472,0.5171524021728153,0.5171524021728153,0.5171524021728153,0.0554584769832643,0.0554584769832643,0.0554584769832643,-0.09783025848094414,-0.09783025848094414,-0.09783025848094414,0.4894001005150772,0.4894001005150772,0.4894001005150772,0.4747806206751355,0.4747806206751355,0.4747806206751355,0.014619479839941751,0.014619479839941751,0.014619479839941751,0.0,0.0,0.0,0.5940476018868244
2025-10-07,0.10491073597749973,0.5290483426288852,0.6391329210676062,0.10491073597749973,0.10491073597749973,0.5171524021728153,0.5171524021728153,0.5171524021728153,0.0554584769832643,0.0554584769832643,0.0554584769832643,-0.09783025848094414,-0.09783025848094414,-0.09783025848094414,0.4787586770386065,0.4787586770386065,0.4787586770386065,0.4747806206751355,0.4747806206751355,0.4747806206751355,0.003978056363471002,0.003978056363471002,0.003978056363471002,0.0,0.0,0.0,0.5836694130161062
2025-10-08,0.10517397058325224,0.5308408030901325,0.6453487741980064,0.10517397058325224,0.10517397058325224,0.5171524021728153,0.5171524021728153,0.5171524021728153,0.0554584769832643,0.0554584769832643,0.0554584769832643,-0.09783025848094414,-0.09783025848094414,-0.09783025848094414,0.4804667300826217,0.4804667300826217,0.4804667300826217,0.4747806206751355,0.4747806206751355,0.4747806206751355,0.005686109407486218,0.005686109407486218,0.005686109407486218,0.0,0.0,0.0,0.5856407006658739
2025-10-09,0.10543720518900475,0.5248982730266736,0.6400100348243137,0.10543720518900475,0.10543720518900475,0.5171524021728153,0.5171524021728153,0.5171524021728153,0.0554584769832643,0.0554584769832643,0.0554584769832643,-0.09783025848094414,-0.09783025848094414,-0.09783025848094414,0.474799730675151,0.474799730675151,0.474799730675151,0.4747806206751355,0.4747806206751355,0.4747806206751355,1.911000001552591e-05,1.911000001552591e-05,1.911000001552591e-05,0.0,0.0,0.0,0.5802369358641558
2025-10-10,0.10570173429475727,0.5122011363135323,0.6239060919858114,0.10570173429475727,0.10570173429475727,0.5171524021728153,0.5171524021728153,0.5171524021728153,0.0554584769832643,0.0554584769832643,0.0554584769832643,-0.09783025848094414,-0.09783025848094414,-0.09783025848094414,0.4644320484605994,0.4644320484605994,0.4644320484605994,0.4747806206751355,0.4747806206751355,0.4747806206751355,-0.010348572214536129,-0.010348572214536129,-0.010348572214536129,0.0,0.0,0.0,0.5701337827553566
2025-10-11,0.10596626340050978,0.5017247690152717,0.6112098895403874,0.10596626340050978,0.10596626340050978,0.5171524021728153,0.5171524021728153,0.5171524021728153,0.0554584769832643,0.0554584769832643,0.0554584769832643,-0.09783025848094414,-0.09783025848094414,-0.09783025848094414,0.44825078118890316,0.44825078118890316,0.44825078118890316,0.4747806206751355,0.4747806206751355,0.4747806206751355,-0.026529839486232352,-0.026529839486232352,-0.026529839486232352,0.0,0.0,0.0,0.5542170445894129
2025-10-12,0.1062307925062623,0.5355590953277913,0.6477045821692291,0.1062307925062623,0.1062307925062623,0.5171524021728153,0.5171524021728153,0.5171524021728153,0.0554584769832643,0.0554584769832643,0.0554584769832643,-0.09783025848094414,-0.09783025848094414,-0.09783025848094414,0.48735627676498106,0.48735627676498106,0.48735627676498106,0.4747806206751355,0.4747806206751355,0.4747806206751355,0.01257565608984555,0.01257565608984555,0.01257565608984555,0.0,0.0,0.0,0.5935870692712434
2025-10-13,0.10650247153592786,0.539645347500592,0.6557559174905402,0.10650247153592786,0.10650247153592786,0.5171524021728153,0.5171524021728153,0.5171524021728153,0.0554584769832643,0.0554584769832643,0.0554584769832643,-0.09783025848094414,-0.09783025848094414,-0.09783025848094414,0.48940010051508015,0.48940010051508015,0.48940010051508015,0.4747806206751355,0.4747806206751355,0.4747806206751355,0.01461947983994466,0.01461947983994466,0.01461947983994466,0.0,0.0,0.0,0.595902572051008
2025-10-14,0.10677415056559342,0.5283540429351685,0.6410644538353458,0.10677415056559342,0.10677415056559342,0.5171524021728153,0.5171524021728153,0.5171524021728153,0.0554584769832643,0.0554584769832643,0.0554584769832643,-0.09783025848094414,-0.09783025848094414,-0.09783025848094414,0.47875867703863306,0.47875867703863306,0.47875867703863306,0.4747806206751355,0.4747806206751355,0.4747806206751355,0.003978056363497558,0.003978056363497558,0.003978056363497558,0.0,0.0,0.0,0.5855328276042264
2025-10-15,0.10704582959525898,0.5330603315100957,0.6443919310202585,0.10704582959525898,0.10704582959525898,0.5171524021728153,0.5171524021728153,0.5171524021728153,0.0554584769832643,0.0554584769832643,0.0554584769832643,-0.09783025848094414,-0.09783025848094414,-0.09783025848094414,0.4804667300825949,0.4804667300825949,0.4804667300825949,0.4747806206751355,0.4747806206751355,0.4747806206751355,0.00568610940745938,0.00568610940745938,0.00568610940745938,0.0,0.0,0.0,0.5875125596778539
2025-10-16,0.10732709374448975,0.5257125076137725,0.6346487802845727,0.10732709374448975,0.10732709374448975,0.5171524021728153,0.5171524021728153,0.5171524021728153,0.0554584769832643,0.0554584769832643,0.0554584769832643,-0.09783025848094414,-0.09783025848094414,-0.09783025848094414,0.4747997306751355,0.4747997306751355,0.4747997306751355,0.4747806206751355,0.4747806206751355,0.4747806206751355,1.9110000000025287e-05,1.9110000000025287e-05,1.9110000000025287e-05,0.0,0.0,0.0,0.5821268244196253
2025-10-17,0.10760835789372053,0.5157180246652696,0.6300769220875793,0.10760835789372053,0.10760835789372053,0.5171524021728153,0.5171524021728153,0.5171524021728153,0.0554584769832643,0.0554584769832643,0.0554584769832643,-0.09783025848094414,-0.09783025848094414,-0.09783025848094414,0.46443204846067376,0.46443204846067376,0.46443204846067376,0.4747806206751355,0.4747806206751355,0.4747806206751355,-0.010348572214461744,-0.010348572214461744,-0.010348572214461744,0.0,0.0,0.0,0.5720404063543942
2025-10-18,0.10789934817338609,0.498611403509068,0.6174312015860874,0.10789934817338609,0.10789934817338609,0.5171524021728153,0.5171524021728153,0.5171524021728153,0.0554584769832643,0.0554584769832643,0.0554584769832643,-0.09783025848094414,-0.09783025848094414,-0.09783025848094414,0.4482507811889236,0.4482507811889236,0.4482507811889236,0.4747806206751355,0.4747806206751355,0.4747806206751355,-0.026529839486211876,-0.026529839486211876,-0.026529839486211876,0.0,0.0,0.0,0.5561501293623097
2025-10-19,0.10819033845305165,0.5366650019931491,0.6521158377337769,0.10819033845305165,0.10819033845305165,0.5171524021728153,0.5171524021728153,0.5171524021728153,0.0554584769832643,0.0554584769832643,0.0554584769832643,-0.09783025848094414,-0.09783025848094414,-0.09783025848094414,0.4873562767649956,0.4873562767649956,0.4873562767649956,0.4747806206751355,0.4747806206751355,0.4747806206751355,0.012575656089860086,0.012575656089860086,0.012575656089860086,0.0,0.0,0.0,0.5955466152180473
2025-10-20,0.10848132873271721,0.5436833368474171,0.6510509369499596,0.10848132873271721,0.10848132873271721,0.5171524021728153,0.5171524021728153,0.5171524021728153,0.0554584769832643,0.0554584769832643,0.0554584769832643,-0.09783025848094414,-0.09783025848094414,-0.09783025848094414,0.48940010051504396,0.48940010051504396,0.48940010051504396,0.4747806206751355,0.4747806206751355,0.4747806206751355,0.014619479839908467,0.014619479839908467,0.014619479839908467,0.0,0.0,0.0,0.5978814292477612
2025-10-21,0.1090448809689045,0.5328284562840465,0.6447089775595574,0.1090448809689045,0.1090448809689045,0.5171524021728153,0.5171524021728153,0.5171524021728153,0.0554584769832643,0.0554584769832643,0.0554584769832643,-0.09783025848094414,-0.09783025848094414,-0.09783025848094414,0.47875867703861447,0.47875867703861447,0.47875867703861447,0.4747806206751355,0.4747806206751355,0.4747806206751355,0.003978056363478972,0.003978056363478972,0.003978056363478972,0.0,0.0,0.0,0.5878035580075189
2025-10-22,0.10960843320509181,0.5344730814008991,0.6447309713880108,0.10960843320509181,0.10960843320509181,0.5171524021728153,0.5171524021728153,0.5171524021728153,0.0554584769832643,0.0554584769832643,0.0554584769832643,-0.09783025848094414,-0.09783025848094414,-0.09783025848094414,0.480466730082568,0.480466730082568,0.480466730082568,0.4747806206751355,0.4747806206751355,0.4747806206751355,0.005686109407432544,0.005686109407432544,0.005686109407432544,0.0,0.0,0.0,0.5900751632876599
2025-10-23,0.1101719854412791,0.5329293389565215,0.6414487855587675,0.1101719854412791,0.1101719854412791,0.5171524021728153,0.5171524021728153,0.5171524021728153,0.0554584769832643,0.0554584769832643,0.0554584769832643,-0.09783025848094414,-0.09783025848094414,-0.09783025848094414,0.474799730675151,0.474799730675151,0.474799730675151,0.4747806206751355,0.4747806206751355,0.4747806206751355,1.9110000015504225e-05,1.9110000015504225e-05,1.9110000015504225e-05,0.0,0.0,0.0,0.5849717161164301
2025-10-24,0.11075143517746638,0.5163440454336847,0.6287630423649474,0.11075143517746638,0.11075143517746638,0.5171524021728153,0.5171524021728153,0.5171524021728153,0.0554584769832643,0.0554584769832643,0.0554584769832643,-0.09783025848094414,-0.09783025848094414,-0.09783025848094414,0.464432048460661,0.464432048460661,0.464432048460661,0.4747806206751355,0.4747806206751355,0.4747806206751355,-0.010348572214474471,-0.010348572214474471,-0.010348572214474471,0.0,0.0,0.0,0.5751834836381273
2025-10-25,0.1113308849136537,0.5011134068999151,0.6150987689253983,0.1113308849136537,0.1113308849136537,0.5171524021728153,0.5171524021728153,0.5171524021728153,0.0554584769832643,0.0554584769832643,0.0554584769832643,-0.09783025848094414,-0.09783025848094414,-0.09783025848094414,0.448250781188931,0.448250781188931,0.448250781188931,0.4747806206751355,0.4747806206751355,0.4747806206751355,-0.026529839486204427,-0.026529839486204427,-0.026529839486204427,0.0,0.0,0.0,0.5595816661025848
2025-10-26,0.11191033464984099,0.5422068274441723,0.6571364565034181,0.11191033464984099,0.11191033464984099,0.5171524021728153,0.5171524021728153,0.5171524021728153,0.0554584769832643,0.0554584769832643,0.0554584769832643,-0.09783025848094414,-0.09783025848094414,-0.09783025848094414,0.4873562767650101,0.4873562767650101,0.4873562767650101,0.4747806206751355,0.4747806206751355,0.4747806206751355,0.012575656089874616,0.012575656089874616,0.012575656089874616,0.0,0.0,0.0,0.599266611414851
2025-10-27,0.1124914686903761,0.5448210916223745,0.6594421925654982,0.1124914686903761,0.1124914686903761,0.5171524021728153,0.5171524021728153,0.5171524021728153,0.0554584769832643,0.0554584769832643,0.0554584769832643,-0.09783025848094414,-0.09783025848094414,-0.09783025848094414,0.48940010051504684,0.48940010051504684,0.48940010051504684,0.4747806206751355,0.4747806206751355,0.4747806206751355,0.014619479839911376,0.014619479839911376,0.014619479839911376,0.0,0.0,0.0,0.601891569205423
2025-10-28,0.11307260273091123,0.5364262951704214,0.6491474377673287,0.11307260273091123,0.11307260273091123,0.5171524021728153,0.5171524021728153,0.5171524021728153,0.0554584769832643,0.0554584769832643,0.0554584769832643,-0.09783025848094414,-0.09783025848094414,-0.09783025848094414,0.4787586770386416,0.4787586770386416,0.4787586770386416,0.4747806206751355,0.4747806206751355,0.4747806206751355,0.003978056363506151,0.003978056363506151,0.003978056363506151,0.0,0.0,0.0,0.5918312797695529
2025-10-29,0.11365373677144636,0.5380643132824832,0.6509338769260353,0.11365373677144636,0.11365373677144636,0.5171524021728153,0.5171524021728153,0.5171524021728153,0.0554584769832643,0.0554584769832643,0.0554584769832643,-0.09783025848094414,-0.09783025848094414,-0.09783025848094414,0.4804667300826257,0.4804667300826257,0.4804667300826257,0.4747806206751355,0.4747806206751355,0.4747806206751355,0.005686109407490199,0.005686109407490199,0.005686109407490199,0.0,0.0,0.0,0.594120466854072
2025-10-30,0.11424012189893801,0.5296271154087883,0.6448593580742965,0.11424012189893801,0.11424012189893801,0.5171524021728153,0.5171524021728153,0.5171524021728153,0.0554584769832643,0.0554584769832643,0.0554584769832643,-0.09783025848094414,-0.09783025848094414,-0.09783025848094414,0.4747997306751045,0.4747997306751045,0.4747997306751045,0.4747806206751355,0.4747806206751355,0.4747806206751355,1.910999996902578e-05,1.910999996902578e-05,1.910999996902578e-05,0.0,0.0,0.0,0.5890398525740426
2025-10-31,0.11482650702642966,0.5245410410925394,0.6344845888302167,0.11482650702642966,0.11482650702642966,0.5171524021728153,0.5171524021728153,0.5171524021728153,0.0554584769832643,0.0554584769832643,0.0554584769832643,-0.09783025848094414,-0.09783025848094414,-0.09783025848094414,0.4644320484606347,0.4644320484606347,0.4644320484606347,0.4747806206751355,0.4747806206751355,0.4747806206751355,-0.010348572214500775,-0.010348572214500775,-0.010348572214500775,0.0,0.0,0.0,0.5792585554870644
2025-11-01,0.11541289215392128,0.5063921515603905,0.6200933317303025,0.11541289215392128,0.11541289215392128,0.5171524021728153,0.5171524021728153,0.5171524021728153,0.0554584769832643,0.0554584769832643,0.0554584769832643,-0.09783025848094414,-0.09783025848094414,-0.09783025848094414,0.448250781188945,0.448250781188945,0.448250781188945,0.4747806206751355,0.4747806206751355,0.4747806206751355,-0.02652983948619047,-0.02652983948619047,-0.02652983948619047,0.0,0.0,0.0,0.5636636733428663
2025-11-02,0.11599952208249989,0.5476503612587896,0.6584513858448433,0.11599952208249989,0.11599952208249989,0.5171524021728153,0.5171524021728153,0.5171524021728153,0.0554584769832643,0.0554584769832643,0.0554584769832643,-0.09783025848094414,-0.09783025848094414,-0.09783025848094414,0.48735627676491283,0.48735627676491283,0.48735627676491283,0.4747806206751355,0.4747806206751355,0.4747806206751355,0.01257565608977737,0.01257565608977737,0.01257565608977737,0.0,0.0,0.0,0.6033557988474127
2025-11-03,0.1165861520110785,0.5494358045591189,0.6654876994430762,0.1165861520110785,0.1165861520110785,0.5171524021728153,0.5171524021728153,0.5171524021728153,0.0554584769832643,0.0554584769832643,0.0554584769832643,-0.09783025848094414,-0.09783025848094414,-0.09783025848094414,0.48940010051501065,0.48940010051501065,0.48940010051501065,0.4747806206751355,0.4747806206751355,0.4747806206751355,0.014619479839875183,0.014619479839875183,0.014619479839875183,0.0,0.0,0.0,0.6059862525260892
2025-11-04,0.1171727819396571,0.5395470132523325,0.6562681510480866,0.1171727819396571,0.1171727819396571,0.5171524021728153,0.5171524021728153,0.5171524021728153,0.0554584769832643,0.0554584769832643,0.0554584769832643,-0.09783025848094414,-0.09783025848094414,-0.09783025848094414,0.47875867703862307,0.47875867703862307,0.47875867703862307,0.4747806206751355,0.4747806206751355,0.4747806206751355,0.003978056363487564,0.003978056363487564,0.003978056363487564,0.0,0.0,0.0,0.5959314589782801
2025-11-05,0.11775941187647844,0.5463659184380366,0.6538788158407048,0.11775941187647844,0.11775941187647844,0.5171524021728153,0.5171524021728153,0.5171524021728153,0.0554584769832643,0.0554584769832643,0.0554584769832643,-0.09783025848094414,-0.09783025848094414,-0.09783025848094414,0.4804667300825988,0.4804667300825988,0.4804667300825988,0.4747806206751355,0.4747806206751355,0.4747806206751355,0.005686109407463363,0.005686109407463363,0.005686109407463363,0.0,0.0,0.0,0.5982261419590773
2025-11-06,0.11834604181329977,0.5358318193834739,0.6537859265789165,0.11834604181329977,0.11834604181329977,0.5171524021728153,0.5171524021728153,0.5171524021728153,0.0554584769832643,0.0554584769832643,0.0554584769832643,-0.09783025848094414,-0.09783025848094414,-0.09783025848094414,0.47479973067512,0.47479973067512,0.47479973067512,0.4747806206751355,0.4747806206751355,0.4747806206751355,1.910999998450385e-05,1.910999998450385e-05,1.910999998450385e-05,0.0,0.0,0.0,0.5931457724884197
2025-11-07,0.11893267175012112,0.5305961163497357,0.6414723539983879,0.11893267175012112,0.11893267175012112,0.5171524021728153,0.5171524021728153,0.5171524021728153,0.0554584769832643,0.0554584769832643,0.0554584769832643,-0.09783025848094414,-0.09783025848094414,-0.09783025848094414,0.46443204846062197,0.46443204846062197,0.46443204846062197,0.4747806206751355,0.4747806206751355,0.4747806206751355,-0.010348572214513501,-0.010348572214513501,-0.010348572214513501,0.0,0.0,0.0,0.583364720210743
2025-11-08,0.11951930168694247,0.5146563342312309,0.6253575512597664,0.11951930168694247,0.11951930168694247,0.5171524021728153,0.5171524021728153,0.5171524021728153,0.0554584769832643,0.0554584769832643,0.0554584769832643,-0.09783025848094414,-0.09783025848094414,-0.09783025848094414,0.4482507811888903,0.4482507811888903,0.4482507811888903,0.4747806206751355,0.4747806206751355,0.4747806206751355,-0.026529839486245228,-0.026529839486245228,-0.026529839486245228,0.0,0.0,0.0,0.5677700828758327
2025-11-09,0.1201059316237638,0.5500067240780293,0.6638183218146518,0.1201059316237638,0.1201059316237638,0.5171524021728153,0.5171524021728153,0.5171524021728153,0.0554584769832643,0.0554584769832643,0.0554584769832643,-0.09783025848094414,-0.09783025848094414,-0.09783025848094414,0.4873562767649274,0.4873562767649274,0.4873562767649274,0.4747806206751355,0.4747806206751355,0.4747806206751355,0.012575656089791904,0.012575656089791904,0.012575656089791904,0.0,0.0,0.0,0.6074622083886911
2025-11-10,0.12069256156058515,0.5560655720812984,0.6656235098613253,0.12069256156058515,0.12069256156058515,0.5171524021728153,0.5171524021728153,0.5171524021728153,0.0554584769832643,0.0554584769832643,0.0554584769832643,-0.09783025848094414,-0.09783025848094414,-0.09783025848094414,0.48940010051505267,0.48940010051505267,0.48940010051505267,0.4747806206751355,0.4747806206751355,0.4747806206751355,0.014619479839917196,0.014619479839917196,0.014619479839917196,0.0,0.0,0.0,0.6100926620756378
2025-11-11,0.12127919149740649,0.5404716466441,0.6548354160984162,0.12127919149740649,0.12127919149740649,0.5171524021728153,0.5171524021728153,0.5171524021728153,0.0554584769832643,0.0554584769832643,0.0554584769832643,-0.09783025848094414,-0.09783025848094414,-0.09783025848094414,0.4787586770386496,0.4787586770386496,0.4787586770386496,0.4747806206751355,0.4747806206751355,0.4747806206751355,0.003978056363514123,0.003978056363514123,0.003978056363514123,0.0,0.0,0.0,0.6000378685360561
2025-11-12,0.12186582143422783,0.550176047862539,0.6608377104819865,0.12186582143422783,0.12186582143422783,0.5171524021728153,0.5171524021728153,0.5171524021728153,0.0554584769832643,0.0554584769832643,0.0554584769832643,-0.09783025848094414,-0.09783025848094414,-0.09783025848094414,0.48046673008262464,0.48046673008262464,0.48046673008262464,0.4747806206751355,0.4747806206751355,0.4747806206751355,0.005686109407489118,0.005686109407489118,0.005686109407489118,0.0,0.0,0.0,0.6023325515168525
2025-11-13,0.12245245137104917,0.5393295728582994,0.6543240688322529,0.12245245137104917,0.12245245137104917,0.5171524021728153,0.5171524021728153,0.5171524021728153,0.0554584769832643,0.0554584769832643,0.0554584769832643,-0.09783025848094414,-0.09783025848094414,-0.09783025848094414,0.474799730675151,0.474799730675151,0.474799730675151,0.4747806206751355,0.4747806206751355,0.4747806206751355,1.9110000015531113e-05,1.9110000015531113e-05,1.9110000015531113e-05,0.0,0.0,0.0,0.5972521820462002
2025-11-14,0.12303908130787052,0.5267717216529624,0.644602376676981,0.12303908130787052,0.12303908130787052,0.5171524021728153,0.5171524021728153,0.5171524021728153,0.0554584769832643,0.0554584769832643,0.0554584769832643,-0.09783025848094414,-0.09783025848094414,-0.09783025848094414,0.4644320484605957,0.4644320484605957,0.4644320484605957,0.4747806206751355,0.4747806206751355,0.4747806206751355,-0.010348572214539803,-0.010348572214539803,-0.010348572214539803,0.0,0.0,0.0,0.5874711297684663
2025-11-15,0.12362571124469185,0.5151098267001297,0.6262600225897328,0.12362571124469185,0.12362571124469185,0.5171524021728153,0.5171524021728153,0.5171524021728153,0.0554584769832643,0.0554584769832643,0.0554584769832643,-0.09783025848094414,-0.09783025848094414,-0.09783025848094414,0.4482507811889042,0.4482507811889042,0.4482507811889042,0.4747806206751355,0.4747806206751355,0.4747806206751355,-0.02652983948623127,-0.02652983948623127,-0.02652983948623127,0.0,0.0,0.0,0.5718764924335961
2025-11-16,0.1242123411815132,0.5518363200663041,0.6667030835098146,0.1242123411815132,0.1242123411815132,0.5171524021728153,0.5171524021728153,0.5171524021728153,0.0554584769832643,0.0554584769832643,0.0554584769832643,-0.09783025848094414,-0.09783025848094414,-0.09783025848094414,0.4873562767649419,0.4873562767649419,0.4873562767649419,0.4747806206751355,0.4747806206751355,0.4747806206751355,0.012575656089806438,0.012575656089806438,0.012575656089806438,0.0,0.0,0.0,0.6115686179464551
2025-11-17,0.12479897111833455,0.5575084250118029,0.6663321857024752,0.12479897111833455,0.12479897111833455,0.5171524021728153,0.5171524021728153,0.5171524021728153,0.0554584769832643,0.0554584769832643,0.0554584769832643,-0.09783025848094414,-0.09783025848094414,-0.09783025848094414,0.4894001005150165,0.4894001005150165,0.4894001005150165,0.4747806206751355,0.4747806206751355,0.4747806206751355,0.014619479839881003,0.014619479839881003,0.014619479839881003,0.0,0.0,0.0,0.614199071633351
2025-11-18,0.1253856010551559,0.5430278133382211,0.6585059144692867,0.1253856010551559,0.1253856010551559,0.5171524021728153,0.5171524021728153,0.5171524021728153,0.0554584769832643,0.0554584769832643,0.0554584769832643,-0.09783025848094414,-0.09783025848094414,-0.09783025848094414,0.478758677038631,0.478758677038631,0.478758677038631,0.4747806206751355,0.4747806206751355,0.4747806206751355,0.003978056363495537,0.003978056363495537,0.003978056363495537,0.0,0.0,0.0,0.6041442780937869
2025-11-19,0.1259722309919772,0.5462910621988352,0.6557506360507217,0.1259722309919772,0.1259722309919772,0.5171524021728153,0.5171524021728153,0.5171524021728153,0.0554584769832643,0.0554584769832643,0.0554584769832643,-0.09783025848094414,-0.09783025848094414,-0.09783025848094414,0.48046673008259777,0.48046673008259777,0.48046673008259777,0.4747806206751355,0.4747806206751355,0.4747806206751355,0.00568610940746228,0.00568610940746228,0.00568610940746228,0.0,0.0,0.0,0.606438961074575
2025-11-20,0.12655886092879856,0.5475518627707927,0.6583499695730576,0.12655886092879856,0.12655886092879856,0.5171524021728153,0.5171524021728153,0.5171524021728153,0.0554584769832643,0.0554584769832643,0.0554584769832643,-0.09783025848094414,-0.09783025848094414,-0.09783025848094414,0.47479973067513553,0.47479973067513553,0.47479973067513553,0.4747806206751355,0.4747806206751355,0.4747806206751355,1.911000000003049e-05,1.911000000003049e-05,1.911000000003049e-05,0.0,0.0,0.0,0.6013585916039341
2025-11-21,0.1271454908656199,0.5374478456375964,0.6476847310094072,0.1271454908656199,0.1271454908656199,0.5171524021728153,0.5171524021728153,0.5171524021728153,0.0554584769832643,0.0554584769832643,0.0554584769832643,-0.09783025848094414,-0.09783025848094414,-0.09783025848094414,0.46443204846059655,0.46443204846059655,0.46443204846059655,0.4747806206751355,0.4747806206751355,0.4747806206751355,-0.010348572214538955,-0.010348572214538955,-0.010348572214538955,0.0,0.0,0.0,0.5915775393262165
2025-11-22,0.12773212080244123,0.5229168463207696,0.6306320271455796,0.12773212080244123,0.12773212080244123,0.5171524021728153,0.5171524021728153,0.5171524021728153,0.0554584769832643,0.0554584769832643,0.0554584769832643,-0.09783025848094414,-0.09783025848094414,-0.09783025848094414,0.44825078118891815,0.44825078118891815,0.44825078118891815,0.4747806206751355,0.4747806206751355,0.4747806206751355,-0.026529839486217306,-0.026529839486217306,-0.026529839486217306,0.0,0.0,0.0,0.5759829019913594
2025-11-23,0.12831875073926258,0.5610673153375433,0.6772936264779061,0.12831875073926258,0.12831875073926258,0.5171524021728153,0.5171524021728153,0.5171524021728153,0.0554584769832643,0.0554584769832643,0.0554584769832643,-0.09783025848094414,-0.09783025848094414,-0.09783025848094414,0.4873562767649818,0.4873562767649818,0.4873562767649818,0.4747806206751355,0.4747806206751355,0.4747806206751355,0.012575656089846288,0.012575656089846288,0.012575656089846288,0.0,0.0,0.0,0.6156750275042444
2025-11-24,0.12890538067608392,0.5607608436277514,0.6741631872273711,0.12890396535498183,0.12890694427287283,0.5171524021728153,0.5171524021728153,0.5171524021728153,0.0554584769832643,0.0554584769832643,0.0554584769832643,-0.09783025848094414,-0.09783025848094414,-0.09783025848094414,0.4894001005150524,0.4894001005150524,0.4894001005150524,0.4747806206751355,0.4747806206751355,0.4747806206751355,0.01461947983991691,0.01461947983991691,0.01461947983991691,0.0,0.0,0.0,0.6183054811911364
2025-11-25,0.12949201061290527,0.5490877472189062,0.661402402737455,0.12948273784667383,0.1295009165230947,0.5171524021728153,0.5171524021728153,0.5171524021728153,0.0554584769832643,0.0554584769832643,0.0554584769832643,-0.09783025848094414,-0.09783025848094414,-0.09783025848094414,0.4787586770386576,0.4787586770386576,0.4787586770386576,0.4747806206751355,0.4747806206751355,0.4747806206751355,0.003978056363522096,0.003978056363522096,0.003978056363522096,0.0,0.0,0.0,0.6082506876515629
2025-11-26,0.13007864054972662,0.5507266995447013,0.6686212453608941,0.13005714063207743,0.13009937043348754,0.5171524021728153,0.5171524021728153,0.5171524021728153,0.0554584769832643,0.0554584769832643,0.0554584769832643,-0.09783025848094414,-0.09783025848094414,-0.09783025848094414,0.4804667300826132,0.4804667300826132,0.4804667300826132,0.4747806206751355,0.4747806206751355,0.4747806206751355,0.005686109407477689,0.005686109407477689,0.005686109407477689,0.0,0.0,0.0,0.6105453706323398
2025-11-27,0.13066527048654794,0.5506704048961428,0.6625158747925138,0.1306271090454756,0.13069919435680394,0.5171524021728153,0.5171524021728153,0.5171524021728153,0.0554584769832643,0.0554584769832643,0.0554584769832643,-0.09783025848094414,-0.09783025848094414,-0.09783025848094414,0.47479973067512005,0.47479973067512005,0.47479973067512005,0.4747806206751355,0.4747806206751355,0.4747806206751355,1.910999998452987e-05,1.910999998452987e-05,1.910999998452987e-05,0.0,0.0,0.0,0.605465001161668
2025-11-28,0.1312519004233693,0.5395707482642946,0.6527800461941522,0.13119309025053316,0.13130448917969106,0.5171524021728153,0.5171524021728153,0.5171524021728153,0.0554584769832643,0.0554584769832643,0.0554584769832643,-0.09783025848094414,-0.09783025848094414,-0.09783025848094414,0.46443204846057023,0.46443204846057023,0.46443204846057023,0.4747806206751355,0.4747806206751355,0.4747806206751355,-0.010348572214565255,-0.010348572214565255,-0.010348572214565255,0.0,0.0,0.0,0.5956839488839395
2025-11-29,0.13183853036019064,0.5226024596725775,0.6365127165596584,0.1317565144328601,0.13191162352453498,0.5171524021728153,0.5171524021728153,0.5171524021728153,0.0554584769832643,0.0554584769832643,0.0554584769832643,-0.09783025848094414,-0.09783025848094414,-0.09783025848094414,0.4482507811888634,0.4482507811888634,0.4482507811888634,0.4747806206751355,0.4747806206751355,0.4747806206751355,-0.02652983948627207,-0.02652983948627207,-0.02652983948627207,0.0,0.0,0.0,0.5800893115490541
2025-11-30,0.13242516029701196,0.5674995108593722,0.6749989296538357,0.13232091110670732,0.13251895862406246,0.5171524021728153,0.5171524021728153,0.5171524021728153,0.0554584769832643,0.0554584769832643,0.0554584769832643,-0.09783025848094414,-0.09783025848094414,-0.09783025848094414,0.48735627676502163,0.48735627676502163,0.48735627676502163,0.4747806206751355,0.4747806206751355,0.4747806206751355,0.012575656089886134,0.012575656089886134,0.012575656089886134,0.0,0.0,0.0,0.6197814370620336
2025-12-01,0.1330117902338333,0.5641820032948307,0.6791073760424975,0.1328751638054542,0.13312926778390488,0.5171524021728153,0.5171524021728153,0.5171524021728153,0.0554584769832643,0.0554584769832643,0.0554584769832643,-0.09783025848094414,-0.09783025848094414,-0.09783025848094414,0.4894001005150553,0.4894001005150553,0.4894001005150553,0.4747806206751355,0.4747806206751355,0.4747806206751355,0.014619479839919819,0.014619479839919819,0.014619479839919819,0.0,0.0,0.0,0.6224118907488886
2025-12-02,0.13359842017065465,0.5558763208515607,0.6715899016031047,0.13343256963908903,0.13374742639478443,0.5171524021728153,0.5171524021728153,0.5171524021728153,0.0554584769832643,0.0554584769832643,0.0554584769832643,-0.09783025848094414,-0.09783025848094414,-0.09783025848094414,0.47875867703859387,0.47875867703859387,0.47875867703859387,0.4747806206751355,0.4747806206751355,0.4747806206751355,0.003978056363458363,0.003978056363458363,0.003978056363458363,0.0,0.0,0.0,0.6123570972092485
2025-12-03,0.134185050107476,0.5570629581062208,0.6720201730342689,0.13398917942280833,0.1343572957634327,0.5171524021728153,0.5171524021728153,0.5171524021728153,0.0554584769832643,0.0554584769832643,0.0554584769832643,-0.09783025848094414,-0.09783025848094414,-0.09783025848094414,0.4804667300826286,0.4804667300826286,0.4804667300826286,0.4747806206751355,0.4747806206751355,0.4747806206751355,0.005686109407493099,0.005686109407493099,0.005686109407493099,0.0,0.0,0.0,0.6146517801901046
2025-12-04,0.13477168004429735,0.5497700841518506,0.6649486816133526,0.13454565375470967,0.13497715334717827,0.5171524021728153,0.5171524021728153,0.5171524021728153,0.0554584769832643,0.0554584769832643,0.0554584769832643,-0.09783025848094414,-0.09783025848094414,-0.09783025848094414,0.4747997306751355,0.4747997306751355,0.4747997306751355,0.4747806206751355,0.4747806206751355,0.4747806206751355,1.9110000000009675e-05,1.9110000000009675e-05,1.9110000000009675e-05,0.0,0.0,0.0,0.6095714107194328
2025-12-05,0.13535830998111867,0.5456612731434775,0.6549720327496136,0.13510387426816886,0.13559210813279637,0.5171524021728153,0.5171524021728153,0.5171524021728153,0.0554584769832643,0.0554584769832643,0.0554584769832643,-0.09783025848094414,-0.09783025848094414,-0.09783025848094414,0.4644320484606446,0.4644320484606446,0.4644320484606446,0.4747806206751355,0.4747806206751355,0.4747806206751355,-0.01034857221449087,-0.01034857221449087,-0.01034857221449087,0.0,0.0,0.0,0.5997903584417633
2025-12-06,0.13594493991794002,0.526558560259708,0.6407511091506187,0.13564721643430994,0.136217251340017,0.5171524021728153,0.5171524021728153,0.5171524021728153,0.0554584769832643,0.0554584769832643,0.0554584769832643,-0.09783025848094414,-0.09783025848094414,-0.09783025848094414,0.44825078118887085,0.44825078118887085,0.44825078118887085,0.4747806206751355,0.4747806206751355,0.4747806206751355,-0.02652983948626462,-0.02652983948626462,-0.02652983948626462,0.0,0.0,0.0,0.5841957211068108
2025-12-07,0.13653156985476136,0.5671807289628231,0.6779109499406938,0.1361974481656547,0.1368375106414756,0.5171524021728153,0.5171524021728153,0.5171524021728153,0.0554584769832643,0.0554584769832643,0.0554584769832643,-0.09783025848094414,-0.09783025848094414,-0.09783025848094414,0.4873562767650362,0.4873562767650362,0.4873562767650362,0.4747806206751355,0.4747806206751355,0.4747806206751355,0.012575656089900668,0.012575656089900668,0.012575656089900668,0.0,0.0,0.0,0.6238878466197976
2025-12-08,0.1371181997915827,0.572569152025905,0.6837463566111764,0.13673963709309692,0.13746718135083566,0.5171524021728153,0.5171524021728153,0.5171524021728153,0.0554584769832643,0.0554584769832643,0.0554584769832643,-0.09783025848094414,-0.09783025848094414,-0.09783025848094414,0.4894001005150582,0.4894001005150582,0.4894001005150582,0.4747806206751355,0.4747806206751355,0.4747806206751355,0.01461947983992273,0.01461947983992273,0.01461947983992273,0.0,0.0,0.0,0.6265183003066409
2025-12-09,0.13770482972840403,0.5611484611100461,0.6754633685998136,0.13728678143439976,0.13808920612694642,0.5171524021728153,0.5171524021728153,0.5171524021728153,0.0554584769832643,0.0554584769832643,0.0554584769832643,-0.09783025848094414,-0.09783025848094414,-0.09783025848094414,0.478758677038621,0.478758677038621,0.478758677038621,0.4747806206751355,0.4747806206751355,0.4747806206751355,0.003978056363485544,0.003978056363485544,0.003978056363485544,0.0,0.0,0.0,0.616463506767025
2025-12-10,0.13829145966522538,0.55442457417495,0.6738370465671378,0.13784068541831232,0.13870993690966055,0.5171524021728153,0.5171524021728153,0.5171524021728153,0.0554584769832643,0.0554584769832643,0.0554584769832643,-0.09783025848094414,-0.09783025848094414,-0.09783025848094414,0.4804667300826121,0.4804667300826121,0.4804667300826121,0.4747806206751355,0.4747806206751355,0.4747806206751355,0.005686109407476608,0.005686109407476608,0.005686109407476608,0.0,0.0,0.0,0.6187581897478375
2025-12-11,0.13887808960204673,0.5562854557227711,0.6704782831225634,0.13839414219237375,0.13933213738824818,0.5171524021728153,0.5171524021728153,0.5171524021728153,0.0554584769832643,0.0554584769832643,0.0554584769832643,-0.09783025848094414,-0.09783025848094414,-0.09783025848094414,0.47479973067515097,0.47479973067515097,0.47479973067515097,0.4747806206751355,0.4747806206751355,0.4747806206751355,1.9110000015488612e-05,1.9110000015488612e-05,1.9110000015488612e-05,0.0,0.0,0.0,0.6136778202771977
2025-12-12,0.13946471953886808,0.547611236072845,0.6567869665143665,0.13894475745218046,0.13996385930239744,0.5171524021728153,0.5171524021728153,0.5171524021728153,0.0554584769832643,0.0554584769832643,0.0554584769832643,-0.09783025848094414,-0.09783025848094414,-0.09783025848094414,0.4644320484606319,0.4644320484606319,0.4644320484606319,0.4747806206751355,0.4747806206751355,0.4747806206751355,-0.010348572214503596,-0.010348572214503596,-0.010348572214503596,0.0,0.0,0.0,0.6038967679995
2025-12-13,0.14005134947568942,0.5307264326310956,0.6462223612885206,0.1394884562130999,0.14060109344765254,0.5171524021728153,0.5171524021728153,0.5171524021728153,0.0554584769832643,0.0554584769832643,0.0554584769832643,-0.09783025848094414,-0.09783025848094414,-0.09783025848094414,0.44825078118889133,0.44825078118889133,0.44825078118889133,0.4747806206751355,0.4747806206751355,0.4747806206751355,-0.026529839486244145,-0.026529839486244145,-0.026529839486244145,0.0,0.0,0.0,0.5883021306645808
2025-12-14,0.14063797941251074,0.5744496088441294,0.6855845802316843,0.1400281423165876,0.1412231637961377,0.5171524021728153,0.5171524021728153,0.5171524021728153,0.0554584769832643,0.0554584769832643,0.0554584769832643,-0.09783025848094414,-0.09783025848094414,-0.09783025848094414,0.48735627676505067,0.48735627676505067,0.48735627676505067,0.4747806206751355,0.4747806206751355,0.4747806206751355,0.012575656089915201,0.012575656089915201,0.012575656089915201,0.0,0.0,0.0,0.6279942561775614
2025-12-15,0.1412246093493321,0.5763959583767583,0.6898850479615131,0.14057422788773463,0.14184716190793714,0.5171524021728153,0.5171524021728153,0.5171524021728153,0.0554584769832643,0.0554584769832643,0.0554584769832643,-0.09783025848094414,-0.09783025848094414,-0.09783025848094414,0.48940010051502203,0.48940010051502203,0.48940010051502203,0.4747806206751355,0.4747806206751355,0.4747806206751355,0.014619479839886537,0.014619479839886537,0.014619479839886537,0.0,0.0,0.0,0.6306247098643541
2025-12-16,0.14181123928615344,0.5636208269982037,0.6755879585240817,0.14111815164467123,0.14248572288044073,0.5171524021728153,0.5171524021728153,0.5171524021728153,0.0554584769832643,0.0554584769832643,0.0554584769832643,-0.09783025848094414,-0.09783025848094414,-0.09783025848094414,0.4787586770386024,0.4787586770386024,0.4787586770386024,0.4747806206751355,0.4747806206751355,0.4747806206751355,0.003978056363466955,0.003978056363466955,0.003978056363466955,0.0,0.0,0.0,0.6205699163247559
2025-12-17,0.14239786922297476,0.5686234479724506,0.6781873451066884,0.14165497913900865,0.14310870721838584,0.5171524021728153,0.5171524021728153,0.5171524021728153,0.0554584769832643,0.0554584769832643,0.0554584769832643,-0.09783025848094414,-0.09783025848094414,-0.09783025848094414,0.4804667300825853,0.4804667300825853,0.4804667300825853,0.4747806206751355,0.4747806206751355,0.4747806206751355,0.005686109407449771,0.005686109407449771,0.005686109407449771,0.0,0.0,0.0,0.62286459930556
2025-12-18,0.1429844991597961,0.5576202948102306,0.672820107164375,0.1422093499865723,0.1437272858891805,0.5171524021728153,0.5171524021728153,0.5171524021728153,0.0554584769832643,0.0554584769832643,0.0554584769832643,-0.09783025848094414,-0.09783025848094414,-0.09783025848094414,0.4747997306751355,0.4747997306751355,0.4747997306751355,0.4747806206751355,0.4747806206751355,0.4747806206751355,1.9109999999988858e-05,1.9109999999988858e-05,1.9109999999988858e-05,0.0,0.0,0.0,0.6177842298349316
2025-12-19,0.14357112909661746,0.5504369213183563,0.6633686562645564,0.14275924908765208,0.1443564912045588,0.5171524021728153,0.5171524021728153,0.5171524021728153,0.0554584769832643,0.0554584769832643,0.0554584769832643,-0.09783025848094414,-0.09783025848094414,-0.09783025848094414,0.46443204846061914,0.46443204846061914,0.46443204846061914,0.4747806206751355,0.4747806206751355,0.4747806206751355,-0.010348572214516325,-0.010348572214516325,-0.010348572214516325,0.0,0.0,0.0,0.6080031775572365
2025-12-20,0.1441577590334388,0.5346009699093847,0.646904486595608,0.1433088145593625,0.14499382169189243,0.5171524021728153,0.5171524021728153,0.5171524021728153,0.0554584769832643,0.0554584769832643,0.0554584769832643,-0.09783025848094414,-0.09783025848094414,-0.09783025848094414,0.4482507811888988,0.4482507811888988,0.4482507811888988,0.4747806206751355,0.4747806206751355,0.4747806206751355,-0.026529839486236696,-0.026529839486236696,-0.026529839486236696,0.0,0.0,0.0,0.5924085402223376
2025-12-21,0.14474438897026015,0.5793228092321001,0.6830496502688723,0.14384338057452764,0.14563036240950752,0.5171524021728153,0.5171524021728153,0.5171524021728153,0.0554584769832643,0.0554584769832643,0.0554584769832643,-0.09783025848094414,-0.09783025848094414,-0.09783025848094414,0.48735627676495347,0.48735627676495347,0.48735627676495347,0.4747806206751355,0.4747806206751355,0.4747806206751355,0.012575656089817956,0.012575656089817956,0.012575656089817956,0.0,0.0,0.0,0.6321006657352136
2025-12-22,0.1453310189070815,0.5747092660709198,0.6940041821088171,0.14437768454424632,0.14627254928763467,0.5171524021728153,0.5171524021728153,0.5171524021728153,0.0554584769832643,0.0554584769832643,0.0554584769832643,-0.09783025848094414,-0.09783025848094414,-0.09783025848094414,0.48940010051498584,0.48940010051498584,0.48940010051498584,0.4747806206751355,0.4747806206751355,0.4747806206751355,0.014619479839850342,0.014619479839850342,0.014619479839850342,0.0,0.0,0.0,0.6347311194220673
2025-12-23,0.14591764884390282,0.569231857431856,0.6817096782007105,0.1449042297537955,0.14691228683111454,0.5171524021728153,0.5171524021728153,0.5171524021728153,0.0554584769832643,0.0554584769832643,0.0554584769832643,-0.09783025848094414,-0.09783025848094414,-0.09783025848094414,0.478758677038629,0.478758677038629,0.478758677038629,0.4747806206751355,0.4747806206751355,0.4747806206751355,0.003978056363493515,0.003978056363493515,0.003978056363493515,0.0,0.0,0.0,0.6246763258825319
