ds,trend,yhat_lower,yhat_upper,trend_lower,trend_upper,GenZ social media_7d_avg,GenZ social media_7d_avg_lower,GenZ social media_7d_avg_upper,GenZ social media_growth,GenZ social media_growth_lower,GenZ social media_growth_upper,GenZ social media_momentum,GenZ social media_momentum_lower,GenZ social media_momentum_upper,additive_terms,additive_terms_lower,additive_terms_upper,extra_regressors_additive,extra_regressors_additive_lower,extra_regressors_additive_upper,weekly,weekly_lower,weekly_upper,multiplicative_terms,multiplicative_terms_lower,multiplicative_terms_upper,yhat
2025-08-23,0.0881776,0.32002207966628343,0.49409790814220705,0.0881776,0.0881776,0.48637375935642996,0.48637375935642996,0.48637375935642996,-0.0010239878590236435,-0.0010239878590236435,-0.0010239878590236435,-0.13522555451421658,-0.13522555451421658,-0.13522555451421658,0.3186152142450963,0.3186152142450963,0.3186152142450963,0.35012421698318974,0.35012421698318974,0.35012421698318974,-0.03150900273809339,-0.03150900273809339,-0.03150900273809339,0.0,0.0,0.0,0.4067928142450963
2025-08-24,0.08867888586956521,0.3724972654454927,0.5504188752735595,0.08867888586956521,0.08867888586956521,0.48637375935642996,0.48637375935642996,0.48637375935642996,-0.0010239878590236435,-0.0010239878590236435,-0.0010239878590236435,-0.13522555451421658,-0.13522555451421658,-0.13522555451421658,0.3747982384786375,0.3747982384786375,0.3747982384786375,0.35012421698318974,0.35012421698318974,0.35012421698318974,0.024674021495447798,0.024674021495447798,0.024674021495447798,0.0,0.0,0.0,0.46347712434820276
2025-08-25,0.08918017173913043,0.38569629162126756,0.5604856985244212,0.08918017173913043,0.08918017173913043,0.48637375935642996,0.48637375935642996,0.48637375935642996,-0.0010239878590236435,-0.0010239878590236435,-0.0010239878590236435,-0.13522555451421658,-0.13522555451421658,-0.13522555451421658,0.38065004569553634,0.38065004569553634,0.38065004569553634,0.35012421698318974,0.35012421698318974,0.35012421698318974,0.030525828712346628,0.030525828712346628,0.030525828712346628,0.0,0.0,0.0,0.4698302174346668
2025-08-26,0.08968145760869566,0.3720094429098101,0.5324065303856277,0.08968145760869566,0.08968145760869566,0.48637375935642996,0.48637375935642996,0.48637375935642996,-0.0010239878590236435,-0.0010239878590236435,-0.0010239878590236435,-0.13522555451421658,-0.13522555451421658,-0.13522555451421658,0.365357908589647,0.365357908589647,0.365357908589647,0.35012421698318974,0.35012421698318974,0.35012421698318974,0.015233691606457295,0.015233691606457295,0.015233691606457295,0.0,0.0,0.0,0.4550393661983427
2025-08-27,0.09018274348211607,0.3534821655837701,0.523874364681114,0.09018274348211607,0.09018274348211607,0.48637375935642996,0.48637375935642996,0.48637375935642996,-0.0010239878590236435,-0.0010239878590236435,-0.0010239878590236435,-0.13522555451421658,-0.13522555451421658,-0.13522555451421658,0.3477059205385201,0.3477059205385201,0.3477059205385201,0.35012421698318974,0.35012421698318974,0.35012421698318974,-0.002418296444669576,-0.002418296444669576,-0.002418296444669576,0.0,0.0,0.0,0.4378886640206362
2025-08-28,0.09068402935553647,0.3514134403147481,0.5154725669739612,0.09068402935553647,0.09068402935553647,0.48637375935642996,0.48637375935642996,0.48637375935642996,-0.0010239878590236435,-0.0010239878590236435,-0.0010239878590236435,-0.13522555451421658,-0.13522555451421658,-0.13522555451421658,0.34114345698316684,0.34114345698316684,0.34114345698316684,0.35012421698318974,0.35012421698318974,0.35012421698318974,-0.008980760000022877,-0.008980760000022877,-0.008980760000022877,0.0,0.0,0.0,0.4318274863387033
2025-08-29,0.09118531522895688,0.33249682317327667,0.49401206380295387,0.09118531522895688,0.09118531522895688,0.48637375935642996,0.48637375935642996,0.48637375935642996,-0.0010239878590236435,-0.0010239878590236435,-0.0010239878590236435,-0.13522555451421658,-0.13522555451421658,-0.13522555451421658,0.32259873435152253,0.32259873435152253,0.32259873435152253,0.35012421698318974,0.35012421698318974,0.35012421698318974,-0.02752548263166721,-0.02752548263166721,-0.02752548263166721,0.0,0.0,0.0,0.41378404958047943
2025-08-30,0.09168660110620983,0.32145208404927805,0.4993868014060629,0.09168660110620983,0.09168660110620983,0.48637375935642996,0.48637375935642996,0.48637375935642996,-0.0010239878590236435,-0.0010239878590236435,-0.0010239878590236435,-0.13522555451421658,-0.13522555451421658,-0.13522555451421658,0.318615214245116,0.318615214245116,0.318615214245116,0.35012421698318974,0.35012421698318974,0.35012421698318974,-0.031509002738073694,-0.031509002738073694,-0.031509002738073694,0.0,0.0,0.0,0.4103018153513258
2025-08-31,0.09218788698346278,0.38064497770970374,0.5531036017613679,0.09218788698346278,0.09218788698346278,0.48637375935642996,0.48637375935642996,0.48637375935642996,-0.0010239878590236435,-0.0010239878590236435,-0.0010239878590236435,-0.13522555451421658,-0.13522555451421658,-0.13522555451421658,0.3747982384786688,0.3747982384786688,0.3747982384786688,0.35012421698318974,0.35012421698318974,0.35012421698318974,0.02467402149547906,0.02467402149547906,0.02467402149547906,0.0,0.0,0.0,0.4669861254621316
2025-09-01,0.09268917286071574,0.3897372541885832,0.5642060407931129,0.09268917286071574,0.09268917286071574,0.48637375935642996,0.48637375935642996,0.48637375935642996,-0.0010239878590236435,-0.0010239878590236435,-0.0010239878590236435,-0.13522555451421658,-0.13522555451421658,-0.13522555451421658,0.3806500456955505,0.3806500456955505,0.3806500456955505,0.35012421698318974,0.35012421698318974,0.35012421698318974,0.030525828712360755,0.030525828712360755,0.030525828712360755,0.0,0.0,0.0,0.47333921855626626
2025-09-02,0.09319045873941578,0.3760927994145397,0.544085776292588,0.09319045873941578,0.09319045873941578,0.48637375935642996,0.48637375935642996,0.48637375935642996,-0.0010239878590236435,-0.0010239878590236435,-0.0010239878590236435,-0.13522555451421658,-0.13522555451421658,-0.13522555451421658,0.36535790858958794,0.36535790858958794,0.36535790858958794,0.35012421698318974,0.35012421698318974,0.35012421698318974,0.015233691606398194,0.015233691606398194,0.015233691606398194,0.0,0.0,0.0,0.4585483673290037
2025-09-03,0.09369174461811584,0.35425179566092735,0.5181385906223336,0.09369174461811584,0.09369174461811584,0.48637375935642996,0.48637375935642996,0.48637375935642996,-0.0010239878590236435,-0.0010239878590236435,-0.0010239878590236435,-0.13522555451421658,-0.13522555451421658,-0.13522555451421658,0.3477059205385279,0.3477059205385279,0.3477059205385279,0.35012421698318974,0.35012421698318974,0.35012421698318974,-0.0024182964446618415,-0.0024182964446618415,-0.0024182964446618415,0.0,0.0,0.0,0.44139766515664375
2025-09-04,0.09419303049681589,0.3547807535957063,0.5198506577232374,0.09419303049681589,0.09419303049681589,0.48637375935642996,0.48637375935642996,0.48637375935642996,-0.0010239878590236435,-0.0010239878590236435,-0.0010239878590236435,-0.13522555451421658,-0.13522555451421658,-0.13522555451421658,0.3411434569832144,0.3411434569832144,0.3411434569832144,0.35012421698318974,0.35012421698318974,0.35012421698318974,-0.008980759999975333,-0.008980759999975333,-0.008980759999975333,0.0,0.0,0.0,0.4353364874800303
2025-09-05,0.09469431637729678,0.3344254145623466,0.5037634780355298,0.09469431637729678,0.09469431637729678,0.48637375935642996,0.48637375935642996,0.48637375935642996,-0.0010239878590236435,-0.0010239878590236435,-0.0010239878590236435,-0.13522555451421658,-0.13522555451421658,-0.13522555451421658,0.32259873435148245,0.32259873435148245,0.32259873435148245,0.35012421698318974,0.35012421698318974,0.35012421698318974,-0.0275254826317073,-0.0275254826317073,-0.0275254826317073,0.0,0.0,0.0,0.4172930507287792
2025-09-06,0.09519560225777768,0.3260095127782535,0.4964379782118958,0.09519560225777768,0.09519560225777768,0.48637375935642996,0.48637375935642996,0.48637375935642996,-0.0010239878590236435,-0.0010239878590236435,-0.0010239878590236435,-0.13522555451421658,-0.13522555451421658,-0.13522555451421658,0.3186152142451544,0.3186152142451544,0.3186152142451544,0.35012421698318974,0.35012421698318974,0.35012421698318974,-0.03150900273803534,-0.03150900273803534,-0.03150900273803534,0.0,0.0,0.0,0.41381081650293206
2025-09-07,0.09569688813825855,0.38666854270872225,0.5620712406662965,0.09569688813825855,0.09569688813825855,0.48637375935642996,0.48637375935642996,0.48637375935642996,-0.0010239878590236435,-0.0010239878590236435,-0.0010239878590236435,-0.13522555451421658,-0.13522555451421658,-0.13522555451421658,0.3747982384787003,0.3747982384787003,0.3747982384787003,0.35012421698318974,0.35012421698318974,0.35012421698318974,0.02467402149551056,0.02467402149551056,0.02467402149551056,0.0,0.0,0.0,0.47049512661695886
2025-09-08,0.09619817401808174,0.388310902606475,0.5656902156502207,0.09619817401808174,0.09619817401808174,0.48637375935642996,0.48637375935642996,0.48637375935642996,-0.0010239878590236435,-0.0010239878590236435,-0.0010239878590236435,-0.13522555451421658,-0.13522555451421658,-0.13522555451421658,0.3806500456955282,0.3806500456955282,0.3806500456955282,0.35012421698318974,0.35012421698318974,0.35012421698318974,0.030525828712338453,0.030525828712338453,0.030525828712338453,0.0,0.0,0.0,0.4768482197136099
2025-09-09,0.09669945989790493,0.3785902427726102,0.5434605922058691,0.09669945989790493,0.09669945989790493,0.48637375935642996,0.48637375935642996,0.48637375935642996,-0.0010239878590236435,-0.0010239878590236435,-0.0010239878590236435,-0.13522555451421658,-0.13522555451421658,-0.13522555451421658,0.3653579085896969,0.3653579085896969,0.3653579085896969,0.35012421698318974,0.35012421698318974,0.35012421698318974,0.015233691606507178,0.015233691606507178,0.015233691606507178,0.0,0.0,0.0,0.4620573684876018
2025-09-10,0.09720074577772814,0.36061637246646444,0.5333087242858826,0.09720074577772814,0.09720074577772814,0.48637375935642996,0.48637375935642996,0.48637375935642996,-0.0010239878590236435,-0.0010239878590236435,-0.0010239878590236435,-0.13522555451421658,-0.13522555451421658,-0.13522555451421658,0.34770592053853566,0.34770592053853566,0.34770592053853566,0.35012421698318974,0.35012421698318974,0.35012421698318974,-0.002418296444654103,-0.002418296444654103,-0.002418296444654103,0.0,0.0,0.0,0.4449066663162638
2025-09-11,0.0977020316622115,0.35362825349268906,0.5237307571691366,0.0977020316622115,0.0977020316622115,0.48637375935642996,0.48637375935642996,0.48637375935642996,-0.0010239878590236435,-0.0010239878590236435,-0.0010239878590236435,-0.13522555451421658,-0.13522555451421658,-0.13522555451421658,0.3411434569832338,0.3411434569832338,0.3411434569832338,0.35012421698318974,0.35012421698318974,0.35012421698318974,-0.008980759999955953,-0.008980759999955953,-0.008980759999955953,0.0,0.0,0.0,0.43884548864544526
2025-09-12,0.09820331754669485,0.3319865934729336,0.515191135102448,0.09820331754669485,0.09820331754669485,0.48637375935642996,0.48637375935642996,0.48637375935642996,-0.0010239878590236435,-0.0010239878590236435,-0.0010239878590236435,-0.13522555451421658,-0.13522555451421658,-0.13522555451421658,0.322598734351588,0.322598734351588,0.322598734351588,0.35012421698318974,0.35012421698318974,0.35012421698318974,-0.027525482631601768,-0.027525482631601768,-0.027525482631601768,0.0,0.0,0.0,0.42080205189828285
2025-09-13,0.09870460342954027,0.3256951684572052,0.5092147281549719,0.09870460342954027,0.09870460342954027,0.48637375935642996,0.48637375935642996,0.48637375935642996,-0.0010239878590236435,-0.0010239878590236435,-0.0010239878590236435,-0.13522555451421658,-0.13522555451421658,-0.13522555451421658,0.31861521424515543,0.31861521424515543,0.31861521424515543,0.35012421698318974,0.35012421698318974,0.35012421698318974,-0.03150900273803428,-0.03150900273803428,-0.03150900273803428,0.0,0.0,0.0,0.4173198176746957
2025-09-14,0.09920588931238566,0.3919623779253643,0.5588188231612671,0.09920588931238566,0.09920588931238566,0.48637375935642996,0.48637375935642996,0.48637375935642996,-0.0010239878590236435,-0.0010239878590236435,-0.0010239878590236435,-0.13522555451421658,-0.13522555451421658,-0.13522555451421658,0.3747982384787318,0.3747982384787318,0.3747982384787318,0.35012421698318974,0.35012421698318974,0.35012421698318974,0.024674021495542063,0.024674021495542063,0.024674021495542063,0.0,0.0,0.0,0.47400412779111745
2025-09-15,0.09970717519523108,0.3962302988345068,0.5717997282071047,0.09970717519523108,0.09970717519523108,0.48637375935642996,0.48637375935642996,0.48637375935642996,-0.0010239878590236435,-0.0010239878590236435,-0.0010239878590236435,-0.13522555451421658,-0.13522555451421658,-0.13522555451421658,0.38065004569556943,0.38065004569556943,0.38065004569556943,0.35012421698318974,0.35012421698318974,0.35012421698318974,0.03052582871237971,0.03052582871237971,0.03052582871237971,0.0,0.0,0.0,0.4803572208908005
2025-09-16,0.10020846107814647,0.37807802280393016,0.5516720479387073,0.10020846107814647,0.10020846107814647,0.48637375935642996,0.48637375935642996,0.48637375935642996,-0.0010239878590236435,-0.0010239878590236435,-0.0010239878590236435,-0.13522555451421658,-0.13522555451421658,-0.13522555451421658,0.3653579085896709,0.3653579085896709,0.3653579085896709,0.35012421698318974,0.35012421698318974,0.35012421698318974,0.01523369160648114,0.01523369160648114,0.01523369160648114,0.0,0.0,0.0,0.46556636966781734
2025-09-17,0.10070974696106187,0.36711606648827283,0.5396553002027413,0.10070974696106187,0.10070974696106187,0.48637375935642996,0.48637375935642996,0.48637375935642996,-0.0010239878590236435,-0.0010239878590236435,-0.0010239878590236435,-0.13522555451421658,-0.13522555451421658,-0.13522555451421658,0.347705920538502,0.347705920538502,0.347705920538502,0.35012421698318974,0.35012421698318974,0.35012421698318974,-0.0024182964446877245,-0.0024182964446877245,-0.0024182964446877245,0.0,0.0,0.0,0.4484156674995639
2025-09-18,0.10121103284397726,0.3493948324105546,0.5264134818972472,0.10121103284397726,0.10121103284397726,0.48637375935642996,0.48637375935642996,0.48637375935642996,-0.0010239878590236435,-0.0010239878590236435,-0.0010239878590236435,-0.13522555451421658,-0.13522555451421658,-0.13522555451421658,0.3411434569832117,0.3411434569832117,0.3411434569832117,0.35012421698318974,0.35012421698318974,0.35012421698318974,-0.008980759999978034,-0.008980759999978034,-0.008980759999978034,0.0,0.0,0.0,0.44235448982718895
2025-09-19,0.10171231872536604,0.32666543499106215,0.5091180771410315,0.10171231872536604,0.10171231872536604,0.48637375935642996,0.48637375935642996,0.48637375935642996,-0.0010239878590236435,-0.0010239878590236435,-0.0010239878590236435,-0.13522555451421658,-0.13522555451421658,-0.13522555451421658,0.32259873435154784,0.32259873435154784,0.32259873435154784,0.35012421698318974,0.35012421698318974,0.35012421698318974,-0.027525482631641864,-0.027525482631641864,-0.027525482631641864,0.0,0.0,0.0,0.42431105307691386
2025-09-20,0.10221360460675483,0.3360691728644353,0.5058064582695734,0.10221360460675483,0.10221360460675483,0.48637375935642996,0.48637375935642996,0.48637375935642996,-0.0010239878590236435,-0.0010239878590236435,-0.0010239878590236435,-0.13522555451421658,-0.13522555451421658,-0.13522555451421658,0.3186152142450619,0.3186152142450619,0.3186152142450619,0.35012421698318974,0.35012421698318974,0.35012421698318974,-0.031509002738127824,-0.031509002738127824,-0.031509002738127824,0.0,0.0,0.0,0.4208288188518167
2025-09-21,0.10271489048814363,0.3933031293061852,0.5592353013520042,0.10271489048814363,0.10271489048814363,0.48637375935642996,0.48637375935642996,0.48637375935642996,-0.0010239878590236435,-0.0010239878590236435,-0.0010239878590236435,-0.13522555451421658,-0.13522555451421658,-0.13522555451421658,0.37479823847876326,0.37479823847876326,0.37479823847876326,0.35012421698318974,0.35012421698318974,0.35012421698318974,0.024674021495573566,0.024674021495573566,0.024674021495573566,0.0,0.0,0.0,0.4775131289669069
2025-09-22,0.10321619489159763,0.3927663740712745,0.5746780721263339,0.10321619489159763,0.10321619489159763,0.48637375935642996,0.48637375935642996,0.48637375935642996,-0.0010239878590236435,-0.0010239878590236435,-0.0010239878590236435,-0.13522555451421658,-0.13522555451421658,-0.13522555451421658,0.3806500456955471,0.3806500456955471,0.3806500456955471,0.35012421698318974,0.35012421698318974,0.35012421698318974,0.030525828712357407,0.030525828712357407,0.030525828712357407,0.0,0.0,0.0,0.4838662405871447
2025-09-23,0.10371749929505163,0.3878527589679026,0.5554207722261549,0.10371749929505163,0.10371749929505163,0.48637375935642996,0.48637375935642996,0.48637375935642996,-0.0010239878590236435,-0.0010239878590236435,-0.0010239878590236435,-0.13522555451421658,-0.13522555451421658,-0.13522555451421658,0.36535790858967787,0.36535790858967787,0.36535790858967787,0.35012421698318974,0.35012421698318974,0.35012421698318974,0.01523369160648816,0.01523369160648816,0.01523369160648816,0.0,0.0,0.0,0.4690754078847295
2025-09-24,0.10421880369850563,0.3654992408930241,0.5390283310727156,0.10421880369850563,0.10421880369850563,0.48637375935642996,0.48637375935642996,0.48637375935642996,-0.0010239878590236435,-0.0010239878590236435,-0.0010239878590236435,-0.13522555451421658,-0.13522555451421658,-0.13522555451421658,0.3477059205385511,0.3477059205385511,0.3477059205385511,0.35012421698318974,0.35012421698318974,0.35012421698318974,-0.0024182964446386314,-0.0024182964446386314,-0.0024182964446386314,0.0,0.0,0.0,0.4519247242370567
2025-09-25,0.10472010810921559,0.3614057807273133,0.5255422239739066,0.10472010810921559,0.10472010810921559,0.48637375935642996,0.48637375935642996,0.48637375935642996,-0.0010239878590236435,-0.0010239878590236435,-0.0010239878590236435,-0.13522555451421658,-0.13522555451421658,-0.13522555451421658,0.3411434569831896,0.3411434569831896,0.3411434569831896,0.35012421698318974,0.35012421698318974,0.35012421698318974,-0.008980760000000119,-0.008980760000000119,-0.008980760000000119,0.0,0.0,0.0,0.4458635650924052
2025-09-26,0.10522141251992553,0.34082478139100025,0.508677515856795,0.10522141251992553,0.10522141251992553,0.48637375935642996,0.48637375935642996,0.48637375935642996,-0.0010239878590236435,-0.0010239878590236435,-0.0010239878590236435,-0.13522555451421658,-0.13522555451421658,-0.13522555451421658,0.3225987343515745,0.3225987343515745,0.3225987343515745,0.35012421698318974,0.35012421698318974,0.35012421698318974,-0.027525482631615236,-0.027525482631615236,-0.027525482631615236,0.0,0.0,0.0,0.42782014687150005
2025-09-27,0.10572271693063548,0.339112837836251,0.5064383285700964,0.10572271693063548,0.10572271693063548,0.48637375935642996,0.48637375935642996,0.48637375935642996,-0.0010239878590236435,-0.0010239878590236435,-0.0010239878590236435,-0.13522555451421658,-0.13522555451421658,-0.13522555451421658,0.3186152142450816,0.3186152142450816,0.3186152142450816,0.35012421698318974,0.35012421698318974,0.35012421698318974,-0.031509002738108124,-0.031509002738108124,-0.031509002738108124,0.0,0.0,0.0,0.42433793117571705
2025-09-28,0.10622402134315628,0.3948438805262475,0.5672642101821533,0.10622402134315628,0.10622402134315628,0.48637375935642996,0.48637375935642996,0.48637375935642996,-0.0010239878590236435,-0.0010239878590236435,-0.0010239878590236435,-0.13522555451421658,-0.13522555451421658,-0.13522555451421658,0.37479823847879457,0.37479823847879457,0.37479823847879457,0.35012421698318974,0.35012421698318974,0.35012421698318974,0.024674021495604832,0.024674021495604832,0.024674021495604832,0.0,0.0,0.0,0.48102225982195085
2025-09-29,0.10672532575567706,0.4028374763766509,0.5744346425361512,0.10672532575567706,0.10672532575567706,0.48637375935642996,0.48637375935642996,0.48637375935642996,-0.0010239878590236435,-0.0010239878590236435,-0.0010239878590236435,-0.13522555451421658,-0.13522555451421658,-0.13522555451421658,0.38065004569556127,0.38065004569556127,0.38065004569556127,0.35012421698318974,0.35012421698318974,0.35012421698318974,0.03052582871237154,0.03052582871237154,0.03052582871237154,0.0,0.0,0.0,0.4873753714512383
2025-09-30,0.10722663016819783,0.38128647282716327,0.5573196697815098,0.10722663016819783,0.10722663016819783,0.48637375935642996,0.48637375935642996,0.48637375935642996,-0.0010239878590236435,-0.0010239878590236435,-0.0010239878590236435,-0.13522555451421658,-0.13522555451421658,-0.13522555451421658,0.3653579085896849,0.3653579085896849,0.3653579085896849,0.35012421698318974,0.35012421698318974,0.35012421698318974,0.015233691606495174,0.015233691606495174,0.015233691606495174,0.0,0.0,0.0,0.47258453875788276
2025-10-01,0.10772793862139254,0.36434031082501994,0.5356065876453305,0.10772793862139254,0.10772793862139254,0.48637375935642996,0.48637375935642996,0.48637375935642996,-0.0010239878590236435,-0.0010239878590236435,-0.0010239878590236435,-0.13522555451421658,-0.13522555451421658,-0.13522555451421658,0.34770592053852667,0.34770592053852667,0.34770592053852667,0.35012421698318974,0.35012421698318974,0.35012421698318974,-0.00241829644466301,-0.00241829644466301,-0.00241829644466301,0.0,0.0,0.0,0.4554338591599192
2025-10-02,0.10822924707458724,0.3661886950383559,0.5415441354494304,0.10822924707458724,0.10822924707458724,0.48637375935642996,0.48637375935642996,0.48637375935642996,-0.0010239878590236435,-0.0010239878590236435,-0.0010239878590236435,-0.13522555451421658,-0.13522555451421658,-0.13522555451421658,0.3411434569831675,0.3411434569831675,0.3411434569831675,0.35012421698318974,0.35012421698318974,0.35012421698318974,-0.008980760000022191,-0.008980760000022191,-0.008980760000022191,0.0,0.0,0.0,0.44937270405775476
2025-10-03,0.10873055552778194,0.34940828425452264,0.5196761090293229,0.10873055552778194,0.10873055552778194,0.48637375935642996,0.48637375935642996,0.48637375935642996,-0.0010239878590236435,-0.0010239878590236435,-0.0010239878590236435,-0.13522555451421658,-0.13522555451421658,-0.13522555451421658,0.3225987343515344,0.3225987343515344,0.3225987343515344,0.35012421698318974,0.35012421698318974,0.35012421698318974,-0.027525482631655326,-0.027525482631655326,-0.027525482631655326,0.0,0.0,0.0,0.43132928987931635
2025-10-04,0.10923251444402013,0.3462702646787129,0.5128366289237812,0.10923251444402013,0.10923251444402013,0.48637375935642996,0.48637375935642996,0.48637375935642996,-0.0010239878590236435,-0.0010239878590236435,-0.0010239878590236435,-0.13522555451421658,-0.13522555451421658,-0.13522555451421658,0.31861521424511996,0.31861521424511996,0.31861521424511996,0.35012421698318974,0.35012421698318974,0.35012421698318974,-0.031509002738069766,-0.031509002738069766,-0.031509002738069766,0.0,0.0,0.0,0.4278477286891401
2025-10-05,0.1097344733602583,0.40182653018797276,0.5657986950708666,0.1097344733602583,0.1097344733602583,0.48637375935642996,0.48637375935642996,0.48637375935642996,-0.0010239878590236435,-0.0010239878590236435,-0.0010239878590236435,-0.13522555451421658,-0.13522555451421658,-0.13522555451421658,0.3747982384788263,0.3747982384788263,0.3747982384788263,0.35012421698318974,0.35012421698318974,0.35012421698318974,0.024674021495636574,0.024674021495636574,0.024674021495636574,0.0,0.0,0.0,0.48453271183908464
2025-10-06,0.11023643227649649,0.40147680690353965,0.5763400785479508,0.11023643227649649,0.11023643227649649,0.48637375935642996,0.48637375935642996,0.48637375935642996,-0.0010239878590236435,-0.0010239878590236435,-0.0010239878590236435,-0.13522555451421658,-0.13522555451421658,-0.13522555451421658,0.3806500456956025,0.3806500456956025,0.3806500456956025,0.35012421698318974,0.35012421698318974,0.35012421698318974,0.030525828712412786,0.030525828712412786,0.030525828712412786,0.0,0.0,0.0,0.490886477972099
2025-10-07,0.11073890079599553,0.3861447606521877,0.5593236463727843,0.11073890079599553,0.11073890079599553,0.48637375935642996,0.48637375935642996,0.48637375935642996,-0.0010239878590236435,-0.0010239878590236435,-0.0010239878590236435,-0.13522555451421658,-0.13522555451421658,-0.13522555451421658,0.3653579085896258,0.3653579085896258,0.3653579085896258,0.35012421698318974,0.35012421698318974,0.35012421698318974,0.015233691606436082,0.015233691606436082,0.015233691606436082,0.0,0.0,0.0,0.4760968093856213
2025-10-08,0.11124136931549458,0.38002416090389546,0.5448618034325234,0.11124136931549458,0.11124136931549458,0.48637375935642996,0.48637375935642996,0.48637375935642996,-0.0010239878590236435,-0.0010239878590236435,-0.0010239878590236435,-0.13522555451421658,-0.13522555451421658,-0.13522555451421658,0.34770592053853444,0.34770592053853444,0.34770592053853444,0.35012421698318974,0.35012421698318974,0.35012421698318974,-0.002418296444655274,-0.002418296444655274,-0.002418296444655274,0.0,0.0,0.0,0.458947289854029
2025-10-09,0.11174383783499363,0.36633497877185434,0.5423611621726285,0.11174383783499363,0.11174383783499363,0.48637375935642996,0.48637375935642996,0.48637375935642996,-0.0010239878590236435,-0.0010239878590236435,-0.0010239878590236435,-0.13522555451421658,-0.13522555451421658,-0.13522555451421658,0.3411434569832151,0.3411434569832151,0.3411434569832151,0.35012421698318974,0.35012421698318974,0.35012421698318974,-0.00898075999997465,-0.00898075999997465,-0.00898075999997465,0.0,0.0,0.0,0.4528872948182087
2025-10-10,0.11224688479579702,0.34777793376180255,0.5185373130547898,0.11224688479579702,0.11224688479579702,0.48637375935642996,0.48637375935642996,0.48637375935642996,-0.0010239878590236435,-0.0010239878590236435,-0.0010239878590236435,-0.13522555451421658,-0.13522555451421658,-0.13522555451421658,0.32259873435152764,0.32259873435152764,0.32259873435152764,0.35012421698318974,0.35012421698318974,0.35012421698318974,-0.02752548263166206,-0.02752548263166206,-0.02752548263166206,0.0,0.0,0.0,0.43484561914732467
2025-10-11,0.11274993175660042,0.34749370422302217,0.5134360502666097,0.11274993175660042,0.11274993175660042,0.48637375935642996,0.48637375935642996,0.48637375935642996,-0.0010239878590236435,-0.0010239878590236435,-0.0010239878590236435,-0.13522555451421658,-0.13522555451421658,-0.13522555451421658,0.31861521424515826,0.31861521424515826,0.31861521424515826,0.35012421698318974,0.35012421698318974,0.35012421698318974,-0.03150900273803142,-0.03150900273803142,-0.03150900273803142,0.0,0.0,0.0,0.4313651460017587
2025-10-12,0.11325297871740381,0.4066360141042957,0.5720986833892299,0.11325297871740381,0.11325297871740381,0.48637375935642996,0.48637375935642996,0.48637375935642996,-0.0010239878590236435,-0.0010239878590236435,-0.0010239878590236435,-0.13522555451421658,-0.13522555451421658,-0.13522555451421658,0.3747982384786844,0.3747982384786844,0.3747982384786844,0.35012421698318974,0.35012421698318974,0.35012421698318974,0.02467402149549464,0.02467402149549464,0.02467402149549464,0.0,0.0,0.0,0.4880512171960882
2025-10-13,0.11375906815646808,0.41067128091486216,0.5838766938635338,0.11375906815646808,0.11375906815646808,0.48637375935642996,0.48637375935642996,0.48637375935642996,-0.0010239878590236435,-0.0010239878590236435,-0.0010239878590236435,-0.13522555451421658,-0.13522555451421658,-0.13522555451421658,0.3806500456955984,0.3806500456955984,0.3806500456955984,0.35012421698318974,0.35012421698318974,0.35012421698318974,0.030525828712408706,0.030525828712408706,0.030525828712408706,0.0,0.0,0.0,0.4944091138520665
2025-10-14,0.11426515759553234,0.39377649737272796,0.5636170177435221,0.11426515759553234,0.11426515759553234,0.48637375935642996,0.48637375935642996,0.48637375935642996,-0.0010239878590236435,-0.0010239878590236435,-0.0010239878590236435,-0.13522555451421658,-0.13522555451421658,-0.13522555451421658,0.3653579085896328,0.3653579085896328,0.3653579085896328,0.35012421698318974,0.35012421698318974,0.35012421698318974,0.015233691606443098,0.015233691606443098,0.015233691606443098,0.0,0.0,0.0,0.47962306618516515
2025-10-15,0.11477124703459661,0.3776831160557345,0.5445700018685415,0.11477124703459661,0.11477124703459661,0.48637375935642996,0.48637375935642996,0.48637375935642996,-0.0010239878590236435,-0.0010239878590236435,-0.0010239878590236435,-0.13522555451421658,-0.13522555451421658,-0.13522555451421658,0.3477059205385008,0.3477059205385008,0.3477059205385008,0.35012421698318974,0.35012421698318974,0.35012421698318974,-0.0024182964446888954,-0.0024182964446888954,-0.0024182964446888954,0.0,0.0,0.0,0.4624771675730974
2025-10-16,0.11527911795192175,0.36912407834236743,0.5451121420638794,0.11527911795192175,0.11527911795192175,0.48637375935642996,0.48637375935642996,0.48637375935642996,-0.0010239878590236435,-0.0010239878590236435,-0.0010239878590236435,-0.13522555451421658,-0.13522555451421658,-0.13522555451421658,0.341143456983193,0.341143456983193,0.341143456983193,0.35012421698318974,0.35012421698318974,0.35012421698318974,-0.008980759999996733,-0.008980759999996733,-0.008980759999996733,0.0,0.0,0.0,0.45642257493511473
2025-10-17,0.11578698886924689,0.3519435326603369,0.5239289524078768,0.11578698886924689,0.11578698886924689,0.48637375935642996,0.48637375935642996,0.48637375935642996,-0.0010239878590236435,-0.0010239878590236435,-0.0010239878590236435,-0.13522555451421658,-0.13522555451421658,-0.13522555451421658,0.3225987343515998,0.3225987343515998,0.3225987343515998,0.35012421698318974,0.35012421698318974,0.35012421698318974,-0.02752548263158989,-0.02752548263158989,-0.02752548263158989,0.0,0.0,0.0,0.4383857232208467
2025-10-18,0.11629642971048507,0.35206096981858775,0.5211491178414338,0.11629642971048507,0.11629642971048507,0.48637375935642996,0.48637375935642996,0.48637375935642996,-0.0010239878590236435,-0.0010239878590236435,-0.0010239878590236435,-0.13522555451421658,-0.13522555451421658,-0.13522555451421658,0.3186152142451594,0.3186152142451594,0.3186152142451594,0.35012421698318974,0.35012421698318974,0.35012421698318974,-0.03150900273803037,-0.03150900273803037,-0.03150900273803037,0.0,0.0,0.0,0.4349116439556444
2025-10-19,0.11680587055172324,0.40416896054836676,0.5872804433600171,0.11680587055172324,0.11680587055172324,0.48637375935642996,0.48637375935642996,0.48637375935642996,-0.0010239878590236435,-0.0010239878590236435,-0.0010239878590236435,-0.13522555451421658,-0.13522555451421658,-0.13522555451421658,0.37479823847871585,0.37479823847871585,0.37479823847871585,0.35012421698318974,0.35012421698318974,0.35012421698318974,0.024674021495526142,0.024674021495526142,0.024674021495526142,0.0,0.0,0.0,0.4916041090304391
2025-10-20,0.11731531139296142,0.41624504035548315,0.5811696917592091,0.11731531139296142,0.11731531139296142,0.48637375935642996,0.48637375935642996,0.48637375935642996,-0.0010239878590236435,-0.0010239878590236435,-0.0010239878590236435,-0.13522555451421658,-0.13522555451421658,-0.13522555451421658,0.38065004569557614,0.38065004569557614,0.38065004569557614,0.35012421698318974,0.35012421698318974,0.35012421698318974,0.0305258287123864,0.0305258287123864,0.0305258287123864,0.0,0.0,0.0,0.49796535708853756
2025-10-21,0.1178262979515909,0.39809419947367897,0.5680694379580178,0.1178262979515909,0.1178262979515909,0.48637375935642996,0.48637375935642996,0.48637375935642996,-0.0010239878590236435,-0.0010239878590236435,-0.0010239878590236435,-0.13522555451421658,-0.13522555451421658,-0.13522555451421658,0.36535790858960676,0.36535790858960676,0.36535790858960676,0.35012421698318974,0.35012421698318974,0.35012421698318974,0.015233691606417056,0.015233691606417056,0.015233691606417056,0.0,0.0,0.0,0.48318420654119765
2025-10-22,0.11833728451022038,0.37988355260711304,0.5518231890249317,0.11833728451022038,0.11833728451022038,0.48637375935642996,0.48637375935642996,0.48637375935642996,-0.0010239878590236435,-0.0010239878590236435,-0.0010239878590236435,-0.13522555451421658,-0.13522555451421658,-0.13522555451421658,0.3477059205384672,0.3477059205384672,0.3477059205384672,0.35012421698318974,0.35012421698318974,0.35012421698318974,-0.0024182964447225165,-0.0024182964447225165,-0.0024182964447225165,0.0,0.0,0.0,0.46604320504868757
2025-10-23,0.11884827106884986,0.3743767212028599,0.5482899145090405,0.11884827106884986,0.11884827106884986,0.48637375935642996,0.48637375935642996,0.48637375935642996,-0.0010239878590236435,-0.0010239878590236435,-0.0010239878590236435,-0.13522555451421658,-0.13522555451421658,-0.13522555451421658,0.34114345698321236,0.34114345698321236,0.34114345698321236,0.35012421698318974,0.35012421698318974,0.35012421698318974,-0.00898075999997735,-0.00898075999997735,-0.00898075999997735,0.0,0.0,0.0,0.45999172805206223
2025-10-24,0.11936038683400109,0.36150754091987325,0.5198276008986121,0.11936038683400109,0.11936038683400109,0.48637375935642996,0.48637375935642996,0.48637375935642996,-0.0010239878590236435,-0.0010239878590236435,-0.0010239878590236435,-0.13522555451421658,-0.13522555451421658,-0.13522555451421658,0.3225987343515931,0.3225987343515931,0.3225987343515931,0.35012421698318974,0.35012421698318974,0.35012421698318974,-0.02752548263159662,-0.02752548263159662,-0.02752548263159662,0.0,0.0,0.0,0.44195912118559416
2025-10-25,0.11987250259915232,0.34941722638307643,0.5226923125491441,0.11987250259915232,0.11987250259915232,0.48637375935642996,0.48637375935642996,0.48637375935642996,-0.0010239878590236435,-0.0010239878590236435,-0.0010239878590236435,-0.13522555451421658,-0.13522555451421658,-0.13522555451421658,0.3186152142451977,0.3186152142451977,0.3186152142451977,0.35012421698318974,0.35012421698318974,0.35012421698318974,-0.031509002737992016,-0.031509002737992016,-0.031509002737992016,0.0,0.0,0.0,0.43848771684435
2025-10-26,0.12038461836430353,0.40430482035765664,0.5788429133486924,0.12038461836430353,0.12038461836430353,0.48637375935642996,0.48637375935642996,0.48637375935642996,-0.0010239878590236435,-0.0010239878590236435,-0.0010239878590236435,-0.13522555451421658,-0.13522555451421658,-0.13522555451421658,0.3747982384787474,0.3747982384787474,0.3747982384787474,0.35012421698318974,0.35012421698318974,0.35012421698318974,0.024674021495557644,0.024674021495557644,0.024674021495557644,0.0,0.0,0.0,0.4951828568430509
2025-10-27,0.12089696331532432,0.41392391878614365,0.5771067062606248,0.12089696331532432,0.12089696331532432,0.48637375935642996,0.48637375935642996,0.48637375935642996,-0.0010239878590236435,-0.0010239878590236435,-0.0010239878590236435,-0.13522555451421658,-0.13522555451421658,-0.13522555451421658,0.38065004569557204,0.38065004569557204,0.38065004569557204,0.35012421698318974,0.35012421698318974,0.35012421698318974,0.030525828712382318,0.030525828712382318,0.030525828712382318,0.0,0.0,0.0,0.5015470090108963
2025-10-28,0.1214093082663451,0.39893412046609467,0.5718864470374557,0.1214093082663451,0.1214093082663451,0.48637375935642996,0.48637375935642996,0.48637375935642996,-0.0010239878590236435,-0.0010239878590236435,-0.0010239878590236435,-0.13522555451421658,-0.13522555451421658,-0.13522555451421658,0.3653579085896827,0.3653579085896827,0.3653579085896827,0.35012421698318974,0.35012421698318974,0.35012421698318974,0.015233691606492985,0.015233691606492985,0.015233691606492985,0.0,0.0,0.0,0.4867672168560278
2025-10-29,0.1219216532173659,0.379054043312751,0.5510874253273428,0.1219216532173659,0.1219216532173659,0.48637375935642996,0.48637375935642996,0.48637375935642996,-0.0010239878590236435,-0.0010239878590236435,-0.0010239878590236435,-0.13522555451421658,-0.13522555451421658,-0.13522555451421658,0.3477059205385163,0.3477059205385163,0.3477059205385163,0.35012421698318974,0.35012421698318974,0.35012421698318974,-0.002418296444673424,-0.002418296444673424,-0.002418296444673424,0.0,0.0,0.0,0.46962757375588216
2025-10-30,0.12243406085121275,0.3775609149351887,0.542577351573881,0.12243406085121275,0.12243406085121275,0.48637375935642996,0.48637375935642996,0.48637375935642996,-0.0010239878590236435,-0.0010239878590236435,-0.0010239878590236435,-0.13522555451421658,-0.13522555451421658,-0.13522555451421658,0.34114345698314885,0.34114345698314885,0.34114345698314885,0.35012421698318974,0.35012421698318974,0.35012421698318974,-0.008980760000040893,-0.008980760000040893,-0.008980760000040893,0.0,0.0,0.0,0.46357751783436163
2025-10-31,0.12294646848505963,0.36293829702263775,0.5280054195802749,0.12294646848505963,0.12294646848505963,0.48637375935642996,0.48637375935642996,0.48637375935642996,-0.0010239878590236435,-0.0010239878590236435,-0.0010239878590236435,-0.13522555451421658,-0.13522555451421658,-0.13522555451421658,0.322598734351553,0.322598734351553,0.322598734351553,0.35012421698318974,0.35012421698318974,0.35012421698318974,-0.027525482631636712,-0.027525482631636712,-0.027525482631636712,0.0,0.0,0.0,0.44554520283661264
2025-11-01,0.12345887611890652,0.3620908137464346,0.533133022100434,0.12345887611890652,0.12345887611890652,0.48637375935642996,0.48637375935642996,0.48637375935642996,-0.0010239878590236435,-0.0010239878590236435,-0.0010239878590236435,-0.13522555451421658,-0.13522555451421658,-0.13522555451421658,0.3186152142452174,0.3186152142452174,0.3186152142452174,0.35012421698318974,0.35012421698318974,0.35012421698318974,-0.031509002737972316,-0.031509002737972316,-0.031509002737972316,0.0,0.0,0.0,0.44207409036412393
2025-11-02,0.1239712837567861,0.4155081764342392,0.5886042343987463,0.1239712837567861,0.1239712837567861,0.48637375935642996,0.48637375935642996,0.48637375935642996,-0.0010239878590236435,-0.0010239878590236435,-0.0010239878590236435,-0.13522555451421658,-0.13522555451421658,-0.13522555451421658,0.37479823847860566,0.37479823847860566,0.37479823847860566,0.35012421698318974,0.35012421698318974,0.35012421698318974,0.024674021495415952,0.024674021495415952,0.024674021495415952,0.0,0.0,0.0,0.4987695222353917
2025-11-03,0.1244836913946657,0.4171372267650429,0.5936251090403184,0.1244836913946657,0.1244836913946657,0.48637375935642996,0.48637375935642996,0.48637375935642996,-0.0010239878590236435,-0.0010239878590236435,-0.0010239878590236435,-0.13522555451421658,-0.13522555451421658,-0.13522555451421658,0.3806500456955497,0.3806500456955497,0.3806500456955497,0.35012421698318974,0.35012421698318974,0.35012421698318974,0.030525828712360016,0.030525828712360016,0.030525828712360016,0.0,0.0,0.0,0.5051337370902154
2025-11-04,0.1249960990325453,0.41423125981339837,0.5771376601552028,0.1249960990325453,0.1249960990325453,0.48637375935642996,0.48637375935642996,0.48637375935642996,-0.0010239878590236435,-0.0010239878590236435,-0.0010239878590236435,-0.13522555451421658,-0.13522555451421658,-0.13522555451421658,0.36535790858965667,0.36535790858965667,0.36535790858965667,0.35012421698318974,0.35012421698318974,0.35012421698318974,0.015233691606466945,0.015233691606466945,0.015233691606466945,0.0,0.0,0.0,0.49035400762220194
2025-11-05,0.12550850910732705,0.3876913063484565,0.561656653484603,0.12550850910732705,0.12550850910732705,0.48637375935642996,0.48637375935642996,0.48637375935642996,-0.0010239878590236435,-0.0010239878590236435,-0.0010239878590236435,-0.13522555451421658,-0.13522555451421658,-0.13522555451421658,0.3477059205384827,0.3477059205384827,0.3477059205384827,0.35012421698318974,0.35012421698318974,0.35012421698318974,-0.002418296444707044,-0.002418296444707044,-0.002418296444707044,0.0,0.0,0.0,0.47321442964580973
2025-11-06,0.12602091918210884,0.38193918442951424,0.5545822878280392,0.12602091918210884,0.12602091918210884,0.48637375935642996,0.48637375935642996,0.48637375935642996,-0.0010239878590236435,-0.0010239878590236435,-0.0010239878590236435,-0.13522555451421658,-0.13522555451421658,-0.13522555451421658,0.3411434569831682,0.3411434569831682,0.3411434569831682,0.35012421698318974,0.35012421698318974,0.35012421698318974,-0.00898076000002151,-0.00898076000002151,-0.00898076000002151,0.0,0.0,0.0,0.46716437616527706
2025-11-07,0.1265333292568906,0.3659346519832788,0.5374328849824175,0.1265333292568906,0.1265333292568906,0.48637375935642996,0.48637375935642996,0.48637375935642996,-0.0010239878590236435,-0.0010239878590236435,-0.0010239878590236435,-0.13522555451421658,-0.13522555451421658,-0.13522555451421658,0.3225987343515463,0.3225987343515463,0.3225987343515463,0.35012421698318974,0.35012421698318974,0.35012421698318974,-0.027525482631643443,-0.027525482631643443,-0.027525482631643443,0.0,0.0,0.0,0.4491320636084369
2025-11-08,0.12704573933167235,0.3641243011751536,0.5309269451903479,0.12704573933167235,0.12704573933167235,0.48637375935642996,0.48637375935642996,0.48637375935642996,-0.0010239878590236435,-0.0010239878590236435,-0.0010239878590236435,-0.13522555451421658,-0.13522555451421658,-0.13522555451421658,0.3186152142451052,0.3186152142451052,0.3186152142451052,0.35012421698318974,0.35012421698318974,0.35012421698318974,-0.0315090027380845,-0.0315090027380845,-0.0315090027380845,0.0,0.0,0.0,0.44566095357677754
2025-11-09,0.12755814940645413,0.4215360140755007,0.5866266360468878,0.12755814940645413,0.12755814940645413,0.48637375935642996,0.48637375935642996,0.48637375935642996,-0.0010239878590236435,-0.0010239878590236435,-0.0010239878590236435,-0.13522555451421658,-0.13522555451421658,-0.13522555451421658,0.3747982384786372,0.3747982384786372,0.3747982384786372,0.35012421698318974,0.35012421698318974,0.35012421698318974,0.024674021495447455,0.024674021495447455,0.024674021495447455,0.0,0.0,0.0,0.5023563878850913
2025-11-10,0.12807055948123588,0.4183236382600084,0.5938034071767911,0.12807055948123588,0.12807055948123588,0.48637375935642996,0.48637375935642996,0.48637375935642996,-0.0010239878590236435,-0.0010239878590236435,-0.0010239878590236435,-0.13522555451421658,-0.13522555451421658,-0.13522555451421658,0.3806500456955639,0.3806500456955639,0.3806500456955639,0.35012421698318974,0.35012421698318974,0.35012421698318974,0.030525828712374137,0.030525828712374137,0.030525828712374137,0.0,0.0,0.0,0.5087206051767997
2025-11-11,0.12858296955601767,0.40961996015236446,0.5748462455496799,0.12858296955601767,0.12858296955601767,0.48637375935642996,0.48637375935642996,0.48637375935642996,-0.0010239878590236435,-0.0010239878590236435,-0.0010239878590236435,-0.13522555451421658,-0.13522555451421658,-0.13522555451421658,0.36535790858966366,0.36535790858966366,0.36535790858966366,0.35012421698318974,0.35012421698318974,0.35012421698318974,0.015233691606473964,0.015233691606473964,0.015233691606473964,0.0,0.0,0.0,0.49394087814568133
2025-11-12,0.12909537963079942,0.39857520134325025,0.5628227617123824,0.12909537963079942,0.12909537963079942,0.48637375935642996,0.48637375935642996,0.48637375935642996,-0.0010239878590236435,-0.0010239878590236435,-0.0010239878590236435,-0.13522555451421658,-0.13522555451421658,-0.13522555451421658,0.347705920538541,0.347705920538541,0.347705920538541,0.35012421698318974,0.35012421698318974,0.35012421698318974,-0.002418296444648705,-0.002418296444648705,-0.002418296444648705,0.0,0.0,0.0,0.4768013001693404
2025-11-13,0.12960778970558118,0.381576748987114,0.5592221738381972,0.12960778970558118,0.12960778970558118,0.48637375935642996,0.48637375935642996,0.48637375935642996,-0.0010239878590236435,-0.0010239878590236435,-0.0010239878590236435,-0.13522555451421658,-0.13522555451421658,-0.13522555451421658,0.3411434569832158,0.3411434569832158,0.3411434569832158,0.35012421698318974,0.35012421698318974,0.35012421698318974,-0.008980759999973968,-0.008980759999973968,-0.008980759999973968,0.0,0.0,0.0,0.470751246688797
2025-11-14,0.13012019978036296,0.3737765712834355,0.5339705029656959,0.13012019978036296,0.13012019978036296,0.48637375935642996,0.48637375935642996,0.48637375935642996,-0.0010239878590236435,-0.0010239878590236435,-0.0010239878590236435,-0.13522555451421658,-0.13522555451421658,-0.13522555451421658,0.3225987343515062,0.3225987343515062,0.3225987343515062,0.35012421698318974,0.35012421698318974,0.35012421698318974,-0.027525482631683543,-0.027525482631683543,-0.027525482631683543,0.0,0.0,0.0,0.45271893413186914
2025-11-15,0.13063260985514472,0.36442863045755397,0.5317413803336999,0.13063260985514472,0.13063260985514472,0.48637375935642996,0.48637375935642996,0.48637375935642996,-0.0010239878590236435,-0.0010239878590236435,-0.0010239878590236435,-0.13522555451421658,-0.13522555451421658,-0.13522555451421658,0.31861521424512496,0.31861521424512496,0.31861521424512496,0.35012421698318974,0.35012421698318974,0.35012421698318974,-0.0315090027380648,-0.0315090027380648,-0.0315090027380648,0.0,0.0,0.0,0.44924782410026964
2025-11-16,0.13114501992992647,0.42365021499698624,0.5886032650264736,0.13114501992992647,0.13114501992992647,0.48637375935642996,0.48637375935642996,0.48637375935642996,-0.0010239878590236435,-0.0010239878590236435,-0.0010239878590236435,-0.13522555451421658,-0.13522555451421658,-0.13522555451421658,0.37479823847866867,0.37479823847866867,0.37479823847866867,0.35012421698318974,0.35012421698318974,0.35012421698318974,0.024674021495478957,0.024674021495478957,0.024674021495478957,0.0,0.0,0.0,0.5059432584085951
2025-11-17,0.13165743000470825,0.42638253200870363,0.5931965202077197,0.13165743000470825,0.13165743000470825,0.48637375935642996,0.48637375935642996,0.48637375935642996,-0.0010239878590236435,-0.0010239878590236435,-0.0010239878590236435,-0.13522555451421658,-0.13522555451421658,-0.13522555451421658,0.38065004569554156,0.38065004569554156,0.38065004569554156,0.35012421698318974,0.35012421698318974,0.35012421698318974,0.030525828712351842,0.030525828712351842,0.030525828712351842,0.0,0.0,0.0,0.5123074757002498
2025-11-18,0.13216984007949,0.4128759189109847,0.5854897675876078,0.13216984007949,0.13216984007949,0.48637375935642996,0.48637375935642996,0.48637375935642996,-0.0010239878590236435,-0.0010239878590236435,-0.0010239878590236435,-0.13522555451421658,-0.13522555451421658,-0.13522555451421658,0.3653579085896377,0.3653579085896377,0.3653579085896377,0.35012421698318974,0.35012421698318974,0.35012421698318974,0.015233691606447924,0.015233691606447924,0.015233691606447924,0.0,0.0,0.0,0.4975277486691277
2025-11-19,0.13268225015427176,0.40050146386340324,0.5704423963032771,0.13268225015427176,0.13268225015427176,0.48637375935642996,0.48637375935642996,0.48637375935642996,-0.0010239878590236435,-0.0010239878590236435,-0.0010239878590236435,-0.13522555451421658,-0.13522555451421658,-0.13522555451421658,0.34770592053850735,0.34770592053850735,0.34770592053850735,0.35012421698318974,0.35012421698318974,0.35012421698318974,-0.002418296444682328,-0.002418296444682328,-0.002418296444682328,0.0,0.0,0.0,0.4803881706927791
2025-11-20,0.13319466022905355,0.3881085420583952,0.5626824239084364,0.13319466022905355,0.13319466022905355,0.48637375935642996,0.48637375935642996,0.48637375935642996,-0.0010239878590236435,-0.0010239878590236435,-0.0010239878590236435,-0.13522555451421658,-0.13522555451421658,-0.13522555451421658,0.3411434569831937,0.3411434569831937,0.3411434569831937,0.35012421698318974,0.35012421698318974,0.35012421698318974,-0.008980759999996047,-0.008980759999996047,-0.008980759999996047,0.0,0.0,0.0,0.4743381172122473
2025-11-21,0.1337070703038353,0.3749487750722204,0.5450509616139704,0.1337070703038353,0.1337070703038353,0.48637375935642996,0.48637375935642996,0.48637375935642996,-0.0010239878590236435,-0.0010239878590236435,-0.0010239878590236435,-0.13522555451421658,-0.13522555451421658,-0.13522555451421658,0.3225987343515328,0.3225987343515328,0.3225987343515328,0.35012421698318974,0.35012421698318974,0.35012421698318974,-0.02752548263165691,-0.02752548263165691,-0.02752548263165691,0.0,0.0,0.0,0.4563058046553681
2025-11-22,0.13421948037861708,0.3677006440582023,0.5393625847863973,0.13421948037861708,0.13421948037861708,0.48637375935642996,0.48637375935642996,0.48637375935642996,-0.0010239878590236435,-0.0010239878590236435,-0.0010239878590236435,-0.13522555451421658,-0.13522555451421658,-0.13522555451421658,0.3186152142451446,0.3186152142451446,0.3186152142451446,0.35012421698318974,0.35012421698318974,0.35012421698318974,-0.03150900273804509,-0.03150900273804509,-0.03150900273804509,0.0,0.0,0.0,0.4528346946237617
2025-11-23,0.13473189045339884,0.4233856218982213,0.5916488944231959,0.13473189045339884,0.13473189045339884,0.48637375935642996,0.48637375935642996,0.48637375935642996,-0.0010239878590236435,-0.0010239878590236435,-0.0010239878590236435,-0.13522555451421658,-0.13522555451421658,-0.13522555451421658,0.3747982384786999,0.3747982384786999,0.3747982384786999,0.35012421698318974,0.35012421698318974,0.35012421698318974,0.02467402149551022,0.02467402149551022,0.02467402149551022,0.0,0.0,0.0,0.5095301289320988
2025-11-24,0.1352443005281806,0.4320466305773313,0.590866417187795,0.13524420229253287,0.13524434602911628,0.48637375935642996,0.48637375935642996,0.48637375935642996,-0.0010239878590236435,-0.0010239878590236435,-0.0010239878590236435,-0.13522555451421658,-0.13522555451421658,-0.13522555451421658,0.3806500456955828,0.3806500456955828,0.3806500456955828,0.35012421698318974,0.35012421698318974,0.35012421698318974,0.030525828712393104,0.030525828712393104,0.030525828712393104,0.0,0.0,0.0,0.5158943462237634
2025-11-25,0.13575671060296238,0.41398387347296767,0.5885217886584646,0.1357562823143104,0.13575709096761404,0.48637375935642996,0.48637375935642996,0.48637375935642996,-0.0010239878590236435,-0.0010239878590236435,-0.0010239878590236435,-0.13522555451421658,-0.13522555451421658,-0.13522555451421658,0.3653579085896447,0.3653579085896447,0.3653579085896447,0.35012421698318974,0.35012421698318974,0.35012421698318974,0.015233691606454942,0.015233691606454942,0.015233691606454942,0.0,0.0,0.0,0.501114619192607
2025-11-26,0.13626912067774413,0.40598714673342334,0.5733934099530713,0.13626825266609188,0.13626999643760304,0.48637375935642996,0.48637375935642996,0.48637375935642996,-0.0010239878590236435,-0.0010239878590236435,-0.0010239878590236435,-0.13522555451421658,-0.13522555451421658,-0.13522555451421658,0.3477059205385151,0.3477059205385151,0.3477059205385151,0.35012421698318974,0.35012421698318974,0.35012421698318974,-0.0024182964446745926,-0.0024182964446745926,-0.0024182964446745926,0.0,0.0,0.0,0.4839750412162592
2025-11-27,0.13678153075252591,0.39188443254260313,0.5613035295798305,0.13678004646513872,0.13678298342045928,0.48637375935642996,0.48637375935642996,0.48637375935642996,-0.0010239878590236435,-0.0010239878590236435,-0.0010239878590236435,-0.13522555451421658,-0.13522555451421658,-0.13522555451421658,0.3411434569831716,0.3411434569831716,0.3411434569831716,0.35012421698318974,0.35012421698318974,0.35012421698318974,-0.008980760000018129,-0.008980760000018129,-0.008980760000018129,0.0,0.0,0.0,0.4779249877356975
2025-11-28,0.13729394082730767,0.37760643096183705,0.5455860221709333,0.13729172410931859,0.1372960930792023,0.48637375935642996,0.48637375935642996,0.48637375935642996,-0.0010239878590236435,-0.0010239878590236435,-0.0010239878590236435,-0.13522555451421658,-0.13522555451421658,-0.13522555451421658,0.32259873435149267,0.32259873435149267,0.32259873435149267,0.35012421698318974,0.35012421698318974,0.35012421698318974,-0.02752548263169701,-0.02752548263169701,-0.02752548263169701,0.0,0.0,0.0,0.45989267517880034
2025-11-29,0.13780635090208943,0.3728312670335143,0.5414825980764925,0.1378032976023732,0.1378093752442605,0.48637375935642996,0.48637375935642996,0.48637375935642996,-0.0010239878590236435,-0.0010239878590236435,-0.0010239878590236435,-0.13522555451421658,-0.13522555451421658,-0.13522555451421658,0.3186152142450325,0.3186152142450325,0.3186152142450325,0.35012421698318974,0.35012421698318974,0.35012421698318974,-0.03150900273815728,-0.03150900273815728,-0.03150900273815728,0.0,0.0,0.0,0.4564215651471219
2025-11-30,0.13831876097687118,0.42364499190184235,0.5905615121365407,0.1383148117700074,0.1383225861059654,0.48637375935642996,0.48637375935642996,0.48637375935642996,-0.0010239878590236435,-0.0010239878590236435,-0.0010239878590236435,-0.13522555451421658,-0.13522555451421658,-0.13522555451421658,0.3747982384787312,0.3747982384787312,0.3747982384787312,0.35012421698318974,0.35012421698318974,0.35012421698318974,0.024674021495541477,0.024674021495541477,0.024674021495541477,0.0,0.0,0.0,0.5131169994556024
2025-12-01,0.13883117105165296,0.42558786965788037,0.6060994436107995,0.1388263555983706,0.13883592536087702,0.48637375935642996,0.48637375935642996,0.48637375935642996,-0.0010239878590236435,-0.0010239878590236435,-0.0010239878590236435,-0.13522555451421658,-0.13522555451421658,-0.13522555451421658,0.3806500456955787,0.3806500456955787,0.3806500456955787,0.35012421698318974,0.35012421698318974,0.35012421698318974,0.030525828712389007,0.030525828712389007,0.030525828712389007,0.0,0.0,0.0,0.5194812167472317
2025-12-02,0.13934358112643472,0.42446600672531115,0.5945513030802507,0.1393378361266009,0.1393492785081189,0.48637375935642996,0.48637375935642996,0.48637375935642996,-0.0010239878590236435,-0.0010239878590236435,-0.0010239878590236435,-0.13522555451421658,-0.13522555451421658,-0.13522555451421658,0.36535790858958556,0.36535790858958556,0.36535790858958556,0.35012421698318974,0.35012421698318974,0.35012421698318974,0.015233691606395844,0.015233691606395844,0.015233691606395844,0.0,0.0,0.0,0.5047014897160202
2025-12-03,0.1398559912012165,0.40256018278866923,0.5773694361328646,0.1398491859959077,0.13986260524672062,0.48637375935642996,0.48637375935642996,0.48637375935642996,-0.0010239878590236435,-0.0010239878590236435,-0.0010239878590236435,-0.13522555451421658,-0.13522555451421658,-0.13522555451421658,0.3477059205385229,0.3477059205385229,0.3477059205385229,0.35012421698318974,0.35012421698318974,0.35012421698318974,-0.002418296444666855,-0.002418296444666855,-0.002418296444666855,0.0,0.0,0.0,0.4875619117397394
2025-12-04,0.14036840127599826,0.4001036743774669,0.5634819933229757,0.1403605951794529,0.14037625269638263,0.48637375935642996,0.48637375935642996,0.48637375935642996,-0.0010239878590236435,-0.0010239878590236435,-0.0010239878590236435,-0.13522555451421658,-0.13522555451421658,-0.13522555451421658,0.34114345698319093,0.34114345698319093,0.34114345698319093,0.35012421698318974,0.35012421698318974,0.35012421698318974,-0.008980759999998745,-0.008980759999998745,-0.008980759999998745,0.0,0.0,0.0,0.4815118582591892
2025-12-05,0.14088081135078,0.3787258434095078,0.5513268072584472,0.1408719055153206,0.1408899468950165,0.48637375935642996,0.48637375935642996,0.48637375935642996,-0.0010239878590236435,-0.0010239878590236435,-0.0010239878590236435,-0.13522555451421658,-0.13522555451421658,-0.13522555451421658,0.3225987343515649,0.3225987343515649,0.3225987343515649,0.35012421698318974,0.35012421698318974,0.35012421698318974,-0.027525482631624836,-0.027525482631624836,-0.027525482631624836,0.0,0.0,0.0,0.4634795457023449
2025-12-06,0.1413932214255618,0.3762249041368336,0.5474102180010447,0.14138343388075517,0.14140380966598023,0.48637375935642996,0.48637375935642996,0.48637375935642996,-0.0010239878590236435,-0.0010239878590236435,-0.0010239878590236435,-0.13522555451421658,-0.13522555451421658,-0.13522555451421658,0.3186152142450708,0.3186152142450708,0.3186152142450708,0.35012421698318974,0.35012421698318974,0.35012421698318974,-0.03150900273811892,-0.03150900273811892,-0.03150900273811892,0.0,0.0,0.0,0.46000843567063254
2025-12-07,0.14190563150034355,0.4336879542593098,0.6017984353190957,0.14189514111200677,0.1419176195256737,0.48637375935642996,0.48637375935642996,0.48637375935642996,-0.0010239878590236435,-0.0010239878590236435,-0.0010239878590236435,-0.13522555451421658,-0.13522555451421658,-0.13522555451421658,0.3747982384787627,0.3747982384787627,0.3747982384787627,0.35012421698318974,0.35012421698318974,0.35012421698318974,0.024674021495572983,0.024674021495572983,0.024674021495572983,0.0,0.0,0.0,0.5167038699791062
2025-12-08,0.14241804157512533,0.43660869624017606,0.6046287644244118,0.14240656166695093,0.14243136222221361,0.48637375935642996,0.48637375935642996,0.48637375935642996,-0.0010239878590236435,-0.0010239878590236435,-0.0010239878590236435,-0.13522555451421658,-0.13522555451421658,-0.13522555451421658,0.38065004569557465,0.38065004569557465,0.38065004569557465,0.35012421698318974,0.35012421698318974,0.35012421698318974,0.030525828712384927,0.030525828712384927,0.030525828712384927,0.0,0.0,0.0,0.5230680872707
2025-12-09,0.1429304516499071,0.4266588371354549,0.5943754881169021,0.1429174684266752,0.14294467896222107,0.48637375935642996,0.48637375935642996,0.48637375935642996,-0.0010239878590236435,-0.0010239878590236435,-0.0010239878590236435,-0.13522555451421658,-0.13522555451421658,-0.13522555451421658,0.3653579085896615,0.3653579085896615,0.3653579085896615,0.35012421698318974,0.35012421698318974,0.35012421698318974,0.015233691606471773,0.015233691606471773,0.015233691606471773,0.0,0.0,0.0,0.5082883602395686
2025-12-10,0.14344286172468884,0.409750164795481,0.5716251207018451,0.1434285022394246,0.14345864775576184,0.48637375935642996,0.48637375935642996,0.48637375935642996,-0.0010239878590236435,-0.0010239878590236435,-0.0010239878590236435,-0.13522555451421658,-0.13522555451421658,-0.13522555451421658,0.3477059205385399,0.3477059205385399,0.3477059205385399,0.35012421698318974,0.35012421698318974,0.35012421698318974,-0.0024182964446498737,-0.0024182964446498737,-0.0024182964446498737,0.0,0.0,0.0,0.4911487822632287
2025-12-11,0.14395527179947062,0.3979473267122813,0.5650953160310579,0.14393948108908836,0.14397219201407763,0.48637375935642996,0.48637375935642996,0.48637375935642996,-0.0010239878590236435,-0.0010239878590236435,-0.0010239878590236435,-0.13522555451421658,-0.13522555451421658,-0.13522555451421658,0.34114345698321036,0.34114345698321036,0.34114345698321036,0.35012421698318974,0.35012421698318974,0.35012421698318974,-0.008980759999979363,-0.008980759999979363,-0.008980759999979363,0.0,0.0,0.0,0.485098728782681
2025-12-12,0.14446768187425238,0.3818613180207201,0.5560477058205815,0.14445062205164153,0.14448600437128933,0.48637375935642996,0.48637375935642996,0.48637375935642996,-0.0010239878590236435,-0.0010239878590236435,-0.0010239878590236435,-0.13522555451421658,-0.13522555451421658,-0.13522555451421658,0.32259873435155817,0.32259873435155817,0.32259873435155817,0.35012421698318974,0.35012421698318974,0.35012421698318974,-0.02752548263163157,-0.02752548263163157,-0.02752548263163157,0.0,0.0,0.0,0.4670664162258106
2025-12-13,0.14498009194903416,0.377909692382093,0.546665432804969,0.1449616844666814,0.1449999930289241,0.48637375935642996,0.48637375935642996,0.48637375935642996,-0.0010239878590236435,-0.0010239878590236435,-0.0010239878590236435,-0.13522555451421658,-0.13522555451421658,-0.13522555451421658,0.3186152142450719,0.3186152142450719,0.3186152142450719,0.35012421698318974,0.35012421698318974,0.35012421698318974,-0.031509002738117874,-0.031509002738117874,-0.031509002738117874,0.0,0.0,0.0,0.46359530619410605
2025-12-14,0.14549250202381592,0.4366167154125409,0.6043475969626076,0.14547294611607242,0.14551390842323791,0.48637375935642996,0.48637375935642996,0.48637375935642996,-0.0010239878590236435,-0.0010239878590236435,-0.0010239878590236435,-0.13522555451421658,-0.13522555451421658,-0.13522555451421658,0.37479823847879423,0.37479823847879423,0.37479823847879423,0.35012421698318974,0.35012421698318974,0.35012421698318974,0.024674021495604485,0.024674021495604485,0.024674021495604485,0.0,0.0,0.0,0.5202907405026101
2025-12-15,0.14600491209859767,0.4456095840383277,0.613762251862712,0.14598379444613788,0.1460281758603617,0.48637375935642996,0.48637375935642996,0.48637375935642996,-0.0010239878590236435,-0.0010239878590236435,-0.0010239878590236435,-0.13522555451421658,-0.13522555451421658,-0.13522555451421658,0.38065004569555233,0.38065004569555233,0.38065004569555233,0.35012421698318974,0.35012421698318974,0.35012421698318974,0.030525828712362625,0.030525828712362625,0.030525828712362625,0.0,0.0,0.0,0.52665495779415
2025-12-16,0.14651732217337943,0.42524893460453117,0.5863408473919104,0.1464946907021315,0.14654238996584457,0.48637375935642996,0.48637375935642996,0.48637375935642996,-0.0010239878590236435,-0.0010239878590236435,-0.0010239878590236435,-0.13522555451421658,-0.13522555451421658,-0.13522555451421658,0.36535790858963546,0.36535790858963546,0.36535790858963546,0.35012421698318974,0.35012421698318974,0.35012421698318974,0.015233691606445731,0.015233691606445731,0.015233691606445731,0.0,0.0,0.0,0.5118752307630149
2025-12-17,0.1470297322481612,0.40715783653594173,0.5749915698307325,0.1470056322813138,0.14705610055786034,0.48637375935642996,0.48637375935642996,0.48637375935642996,-0.0010239878590236435,-0.0010239878590236435,-0.0010239878590236435,-0.13522555451421658,-0.13522555451421658,-0.13522555451421658,0.34770592053850624,0.34770592053850624,0.34770592053850624,0.35012421698318974,0.35012421698318974,0.35012421698318974,-0.002418296444683497,-0.002418296444683497,-0.002418296444683497,0.0,0.0,0.0,0.4947356527866674
2025-12-18,0.147542142322943,0.4074388608194617,0.574607263516718,0.14751617283614843,0.14757033633621217,0.48637375935642996,0.48637375935642996,0.48637375935642996,-0.0010239878590236435,-0.0010239878590236435,-0.0010239878590236435,-0.13522555451421658,-0.13522555451421658,-0.13522555451421658,0.34114345698318826,0.34114345698318826,0.34114345698318826,0.35012421698318974,0.35012421698318974,0.35012421698318974,-0.008980760000001442,-0.008980760000001442,-0.008980760000001442,0.0,0.0,0.0,0.48868559930613126
2025-12-19,0.14805455239772475,0.3870763504211931,0.5577580530843492,0.14802693557993518,0.14808499552602353,0.48637375935642996,0.48637375935642996,0.48637375935642996,-0.0010239878590236435,-0.0010239878590236435,-0.0010239878590236435,-0.13522555451421658,-0.13522555451421658,-0.13522555451421658,0.3225987343515514,0.3225987343515514,0.3225987343515514,0.35012421698318974,0.35012421698318974,0.35012421698318974,-0.0275254826316383,-0.0275254826316383,-0.0275254826316383,0.0,0.0,0.0,0.47065328674927615
2025-12-20,0.1485669624725065,0.3765547718308068,0.5529749903789353,0.1485382598998717,0.1485992176706407,0.48637375935642996,0.48637375935642996,0.48637375935642996,-0.0010239878590236435,-0.0010239878590236435,-0.0010239878590236435,-0.13522555451421658,-0.13522555451421658,-0.13522555451421658,0.3186152142451102,0.3186152142451102,0.3186152142451102,0.35012421698318974,0.35012421698318974,0.35012421698318974,-0.03150900273807952,-0.03150900273807952,-0.03150900273807952,0.0,0.0,0.0,0.4671821767176167
2025-12-21,0.14907937254728826,0.4385077894264673,0.6148832309600549,0.14904927618853892,0.14911330174622453,0.48637375935642996,0.48637375935642996,0.48637375935642996,-0.0010239878590236435,-0.0010239878590236435,-0.0010239878590236435,-0.13522555451421658,-0.13522555451421658,-0.13522555451421658,0.3747982384786525,0.3747982384786525,0.3747982384786525,0.35012421698318974,0.35012421698318974,0.35012421698318974,0.02467402149546279,0.02467402149546279,0.02467402149546279,0.0,0.0,0.0,0.5238776110259408
2025-12-22,0.14959178262207004,0.44485804780627985,0.6238472911419163,0.14955929435594664,0.14962739344716114,0.48637375935642996,0.48637375935642996,0.48637375935642996,-0.0010239878590236435,-0.0010239878590236435,-0.0010239878590236435,-0.13522555451421658,-0.13522555451421658,-0.13522555451421658,0.38065004569553007,0.38065004569553007,0.38065004569553007,0.35012421698318974,0.35012421698318974,0.35012421698318974,0.030525828712340324,0.030525828712340324,0.030525828712340324,0.0,0.0,0.0,0.5302418283176001
2025-12-23,0.1501041926968518,0.4282143281210532,0.5993734587722425,0.15006988867210092,0.15014181093692197,0.48637375935642996,0.48637375935642996,0.48637375935642996,-0.0010239878590236435,-0.0010239878590236435,-0.0010239878590236435,-0.13522555451421658,-0.13522555451421658,-0.13522555451421658,0.36535790858964245,0.36535790858964245,0.36535790858964245,0.35012421698318974,0.35012421698318974,0.35012421698318974,0.015233691606452751,0.015233691606452751,0.015233691606452751,0.0,0.0,0.0,0.5154621012864943
